
--SCRIPT RECHARGEMENT MIGRATION
  DROP TABLE [gen].[MONTH]
  DROP TABLE [user].USER_SHORTCUT
  DROP TABLE [user].USER_OPERATION
  DROP TABLE [user].USER_OPERATION_DETAIL
  DROP TABLE [user].USER_OPERATION_TYPE
  DROP TABLE [user].USER_OPERATION_TYPE_FAMILY
  DROP TABLE [user].USER_CUSTOM_OTF
  DROP TABLE [user].USER_ACCOUNT
  DROP TABLE [user].[USER]
  DROP TABLE gen.PARAMETER
  DROP TABLE [as].OPERATION_TRANSVERSE_ASIF
  DROP TABLE [as].OPERATION_TRANSVERSE_AS
  DROP TABLE [plan].PLAN_POSTE_USER
  DROP TABLE [plan].PLAN_POSTE_FREQUENCY
  DROP TABLE [plan].PLAN_POSTE
  DROP TABLE [plan].PLAN_USER
  DROP TABLE ref.OPERATION_TRANSVERSE
  DROP TABLE ref.OPERATION_METHOD_LEXICAL
  DROP TABLE [plan].FREQUENCY
  DROP TABLE ref.BANK_FILE_DEFINITION
  DROP TABLE [as].ACCOUNT_STATEMENT_PLAN
  DROP TABLE [as].ACCOUNT_STATEMENT_IMPORT_FILE
  DROP TABLE [as].ACCOUNT_STATEMENT
  DROP TABLE [as].ACCOUNT_STATEMENT_IMPORT
  DROP TABLE ref.ACCOUNT
  DROP TABLE ref.ACCOUNT_TYPE
  DROP TABLE BANK_SUB_FAMILY
  DROP TABLE BANK_FAMILY
  DROP TABLE ref.BANK_AGENCY
  DROP TABLE ref.OPERATION_DETAIL
  DROP TABLE ref.OPERATION
  DROP TABLE ref.OPERATION_METHOD
  DROP TABLE ref.OPERATION_TYPE
  DROP TABLE ref.OPERATION_TYPE_FAMILY
  DROP TABLE [plan].[PLAN_POSTE_REFERENCE]
  DROP TABLE [plan].[PLAN_POSTE]
  DROP TABLE [plan].[PLAN]
  DROP TABLE [plan].POSTE
  DROP TABLE [plan].REFERENCE_TABLE
  DROP TABLE [user].[USER]
  DROP TABLE gmap.GMAP_ADDRESS
  DROP TABLE gmap.GMAP_ADDRESS_TYPE
  DROP TABLE gmap.GMAP_ADMINISTRATIVE_AREA_LEVEL_1
  DROP TABLE gmap.GMAP_ADMINISTRATIVE_AREA_LEVEL_2
  DROP TABLE gmap.GMAP_COUNTRY
  DROP TABLE gmap.GMAP_LOCALITY
  DROP TABLE gmap.GMAP_NEIGHBORHOOD
  DROP TABLE gmap.GMAP_POSTAL_CODE
  DROP TABLE gmap.GMAP_STREET_NUMBER
  DROP TABLE gmap.GMAP_SUBLOCALITY_LEVEL_1
  DROP TABLE gmap.GMAP_SUBLOCALITY_LEVEL_2
  DROP TABLE gmap.GMAP_TYPE
  DROP TABLE gmap.GMAP_ROUTE
  
  --FK error
  FK_PLAN_POSTE_REFERENCE_REFERENCE_TABLE_ID_REFERENCE_TABLE
  FK_PLAN_POSTE_USER_PLAN_USER_ID_PLAN_USER
  FK_ACCOUNT_STATEMENT_ACCOUNT_STATEMENT_IMPORT_ID_IMPORT
  FK_ACCOUNT_STATEMENT_OPERATION_DETAIL_ID_OPERATION_DETAIL
  FK_ACCOUNT_STATEMENT_OPERATION_METHOD_ID_OPERATION_METHOD
  FK_ACCOUNT_STATEMENT_OPERATION_TYPE_ID_OPERATION_TYPE
  FK_ACCOUNT_STATEMENT_OPERATION_TYPE_FAMILY_ID_OPERATION_TYPE_FAMILY
  FK_ACCOUNT_STATEMENT_IMPORT_FILE_OPERATION_DETAIL_ID_OPERATION_DETAIL
  FK_ACCOUNT_STATEMENT_IMPORT_FILE_OPERATION_METHOD_ID_OPERATION_METHOD
  FK_ACCOUNT_STATEMENT_IMPORT_FILE_OPERATION_TYPE_ID_OPERATION_TYPE
  FK_ACCOUNT_STATEMENT_IMPORT_FILE_OPERATION_TYPE_FAMILY_ID_OPERATION_TYPE_FAMILY
  FK_OPERATION_TRANSVERSE_ASIF_OPERATION_TRANSVERSE_ID_OPERATION_TRANSVERSE

  --pas oublier supprimer table vue


ALTER TABLE [ref].[ACCOUNT]								NOCHECK CONSTRAINT ALL
ALTER TABLE [ref].[ACCOUNT_TYPE]						NOCHECK CONSTRAINT ALL
ALTER TABLE [ref].[BANK_AGENCY]							NOCHECK CONSTRAINT ALL
ALTER TABLE [ref].[BANK_FAMILY]							NOCHECK CONSTRAINT ALL
ALTER TABLE [ref].[BANK_FILE_DEFINITION]				NOCHECK CONSTRAINT ALL
ALTER TABLE [ref].[BANK_SUB_FAMILY]						NOCHECK CONSTRAINT ALL
ALTER TABLE [gmap].[GMAP_ADDRESS]						NOCHECK CONSTRAINT ALL
ALTER TABLE [gmap].[GMAP_ADMINISTRATIVE_AREA_LEVEL_1]	NOCHECK CONSTRAINT ALL
ALTER TABLE [gmap].[GMAP_ADMINISTRATIVE_AREA_LEVEL_2]	NOCHECK CONSTRAINT ALL
ALTER TABLE [gmap].[GMAP_COUNTRY]						NOCHECK CONSTRAINT ALL
ALTER TABLE [gmap].[GMAP_LOCALITY]						NOCHECK CONSTRAINT ALL
ALTER TABLE [gmap].[GMAP_NEIGHBORHOOD]					NOCHECK CONSTRAINT ALL
ALTER TABLE [gmap].[GMAP_POSTAL_CODE]					NOCHECK CONSTRAINT ALL
ALTER TABLE [gmap].[GMAP_ROUTE]							NOCHECK CONSTRAINT ALL
ALTER TABLE [gmap].[GMAP_STREET_NUMBER]					NOCHECK CONSTRAINT ALL
ALTER TABLE [gmap].[GMAP_SUBLOCALITY_LEVEL_1]			NOCHECK CONSTRAINT ALL
ALTER TABLE [gmap].[GMAP_SUBLOCALITY_LEVEL_2]			NOCHECK CONSTRAINT ALL
ALTER TABLE [gmap].[GMAP_TYPE]							NOCHECK CONSTRAINT ALL
ALTER TABLE [ref].[OPERATION]							NOCHECK CONSTRAINT ALL
ALTER TABLE [ref].[OPERATION_DETAIL]					NOCHECK CONSTRAINT ALL
ALTER TABLE [ref].[OPERATION_METHOD]					NOCHECK CONSTRAINT ALL
ALTER TABLE [ref].[OPERATION_METHOD_LEXICAL]			NOCHECK CONSTRAINT ALL
ALTER TABLE [ref].[OPERATION_TYPE]						NOCHECK CONSTRAINT ALL
ALTER TABLE [ref].[OPERATION_TYPE_FAMILY]				NOCHECK CONSTRAINT ALL
ALTER TABLE [gen].[PARAMETER]							NOCHECK CONSTRAINT ALL
ALTER TABLE [plan].[POSTE]								NOCHECK CONSTRAINT ALL
ALTER TABLE [plan].[REFERENCE_TABLE]					NOCHECK CONSTRAINT ALL
ALTER TABLE [user].[USER]								NOCHECK CONSTRAINT ALL
ALTER TABLE [user].[USER_ACCOUNT]						NOCHECK CONSTRAINT ALL
ALTER TABLE [user].[USER_CUSTOM_OTF]					NOCHECK CONSTRAINT ALL
ALTER TABLE [user].[USER_OPERATION]						NOCHECK CONSTRAINT ALL
ALTER TABLE [user].[USER_OPERATION_DETAIL]				NOCHECK CONSTRAINT ALL
ALTER TABLE [user].[USER_OPERATION_TYPE]				NOCHECK CONSTRAINT ALL
ALTER TABLE [user].[USER_OPERATION_TYPE_FAMILY]			NOCHECK CONSTRAINT ALL
ALTER TABLE [user].[USER_SHORTCUT]						NOCHECK CONSTRAINT ALL


SET IDENTITY_INSERT [ref].[ACCOUNT] ON 
INSERT [ref].[ACCOUNT] ([ID], [NUMBER], [LABEL], [ID_BANK_AGENCY], [START_AMOUNT], [ID_ACCOUNT_TYPE], [ALERT_THRESHOLD]) VALUES (1, N'Inconnu', N'INCONNU', 1, 0, 2, 0)
INSERT [ref].[ACCOUNT] ([ID], [NUMBER], [LABEL], [ID_BANK_AGENCY], [START_AMOUNT], [ID_ACCOUNT_TYPE], [ALERT_THRESHOLD]) VALUES (2, N'30919688066', N'Compte courant', 3, 1713.27, 2, 200)
INSERT [ref].[ACCOUNT] ([ID], [NUMBER], [LABEL], [ID_BANK_AGENCY], [START_AMOUNT], [ID_ACCOUNT_TYPE], [ALERT_THRESHOLD]) VALUES (3, N'93769601110', N'Compte courant', 2, 0, 2, 200)
INSERT [ref].[ACCOUNT] ([ID], [NUMBER], [LABEL], [ID_BANK_AGENCY], [START_AMOUNT], [ID_ACCOUNT_TYPE], [ALERT_THRESHOLD]) VALUES (4, N'30919688017', N'Compte commun', 3, 166.89, 2, 50)
INSERT [ref].[ACCOUNT] ([ID], [NUMBER], [LABEL], [ID_BANK_AGENCY], [START_AMOUNT], [ID_ACCOUNT_TYPE], [ALERT_THRESHOLD]) VALUES (5, N'31097427467', N'Livret A', 3, 6233.1, 3, 200)
INSERT [ref].[ACCOUNT] ([ID], [NUMBER], [LABEL], [ID_BANK_AGENCY], [START_AMOUNT], [ID_ACCOUNT_TYPE], [ALERT_THRESHOLD]) VALUES (6, N'Sandra', N'Compte courant', 3, 0, 2, 0)
SET IDENTITY_INSERT [ref].[ACCOUNT] OFF


SET IDENTITY_INSERT [ref].[ACCOUNT_TYPE] ON 
INSERT [ref].[ACCOUNT_TYPE] ([ID], [LABEL]) VALUES (1, N'INCONNU')
INSERT [ref].[ACCOUNT_TYPE] ([ID], [LABEL]) VALUES (2, N'COMPTE COURANT')
INSERT [ref].[ACCOUNT_TYPE] ([ID], [LABEL]) VALUES (3, N'EPARGNE')
SET IDENTITY_INSERT [ref].[ACCOUNT_TYPE] OFF

SET IDENTITY_INSERT [ref].[BANK_AGENCY] ON 
INSERT [ref].[BANK_AGENCY] ([ID], [ID_GMAP_ADDRESS], [ID_BANK_SUB_FAMILY], [LABEL]) VALUES (1, 1, 1, NULL)
INSERT [ref].[BANK_AGENCY] ([ID], [ID_GMAP_ADDRESS], [ID_BANK_SUB_FAMILY], [LABEL]) VALUES (2, 1, 3, NULL)
INSERT [ref].[BANK_AGENCY] ([ID], [ID_GMAP_ADDRESS], [ID_BANK_SUB_FAMILY], [LABEL]) VALUES (3, 1, 2, NULL)
SET IDENTITY_INSERT [ref].[BANK_AGENCY] OFF

SET IDENTITY_INSERT [ref].[BANK_FAMILY] ON 
INSERT [ref].[BANK_FAMILY] ([ID], [LABEL_SHORT], [LABEL_LONG], [LOGO_CLASS_NAME]) VALUES (1, N'INCONNU', N'INC', NULL)
INSERT [ref].[BANK_FAMILY] ([ID], [LABEL_SHORT], [LABEL_LONG], [LOGO_CLASS_NAME]) VALUES (2, N'Banque Populaire', N'BP', N'./assets/images/BP.svg')
INSERT [ref].[BANK_FAMILY] ([ID], [LABEL_SHORT], [LABEL_LONG], [LOGO_CLASS_NAME]) VALUES (3, N'Crédit Agricole', N'CA', N'./assets/images/CA.svg')
SET IDENTITY_INSERT [ref].[BANK_FAMILY] OFF

SET IDENTITY_INSERT [ref].[BANK_FILE_DEFINITION] ON 
INSERT [ref].[BANK_FILE_DEFINITION] ([ID], [ID_BANK_FAMILY], [LABEL_FIELD], [LABEL_ORDER]) VALUES (0, 2, N'Compte', 1)
INSERT [ref].[BANK_FILE_DEFINITION] ([ID], [ID_BANK_FAMILY], [LABEL_FIELD], [LABEL_ORDER]) VALUES (1, 2, N'Date de comptabilisation', 2)
INSERT [ref].[BANK_FILE_DEFINITION] ([ID], [ID_BANK_FAMILY], [LABEL_FIELD], [LABEL_ORDER]) VALUES (2, 2, N'Date opération', 3)
INSERT [ref].[BANK_FILE_DEFINITION] ([ID], [ID_BANK_FAMILY], [LABEL_FIELD], [LABEL_ORDER]) VALUES (3, 2, N'Libellé', 4)
INSERT [ref].[BANK_FILE_DEFINITION] ([ID], [ID_BANK_FAMILY], [LABEL_FIELD], [LABEL_ORDER]) VALUES (4, 2, N'Référence', 5)
INSERT [ref].[BANK_FILE_DEFINITION] ([ID], [ID_BANK_FAMILY], [LABEL_FIELD], [LABEL_ORDER]) VALUES (5, 2, N'Date valeur', 6)
INSERT [ref].[BANK_FILE_DEFINITION] ([ID], [ID_BANK_FAMILY], [LABEL_FIELD], [LABEL_ORDER]) VALUES (6, 2, N'Montant', 7)
INSERT [ref].[BANK_FILE_DEFINITION] ([ID], [ID_BANK_FAMILY], [LABEL_FIELD], [LABEL_ORDER]) VALUES (7, 3, N'Date', 1)
INSERT [ref].[BANK_FILE_DEFINITION] ([ID], [ID_BANK_FAMILY], [LABEL_FIELD], [LABEL_ORDER]) VALUES (8, 3, N'Libellé', 2)
INSERT [ref].[BANK_FILE_DEFINITION] ([ID], [ID_BANK_FAMILY], [LABEL_FIELD], [LABEL_ORDER]) VALUES (9, 3, N'Débit Euros', 3)
INSERT [ref].[BANK_FILE_DEFINITION] ([ID], [ID_BANK_FAMILY], [LABEL_FIELD], [LABEL_ORDER]) VALUES (10, 3, N'Crédit Euros', 4)
INSERT [ref].[BANK_FILE_DEFINITION] ([ID], [ID_BANK_FAMILY], [LABEL_FIELD], [LABEL_ORDER]) VALUES (11, 3, N'', 5)
SET IDENTITY_INSERT [ref].[BANK_FILE_DEFINITION] OFF

SET IDENTITY_INSERT [ref].[BANK_SUB_FAMILY] ON 
INSERT [ref].[BANK_SUB_FAMILY] ([ID], [LABEL_SHORT], [LABEL_LONG], [LOGO_CLASS_NAME], [ID_BANK_FAMILY]) VALUES (1, N'INC', N'INCONNU', NULL, 1)
INSERT [ref].[BANK_SUB_FAMILY] ([ID], [LABEL_SHORT], [LABEL_LONG], [LOGO_CLASS_NAME], [ID_BANK_FAMILY]) VALUES (2, N'BPVF', N'Banque Populaire Val De France', NULL, 2)
INSERT [ref].[BANK_SUB_FAMILY] ([ID], [LABEL_SHORT], [LABEL_LONG], [LOGO_CLASS_NAME], [ID_BANK_FAMILY]) VALUES (3, N'CAM', N'Crédit Agricole Du Morbihan', NULL, 3)
SET IDENTITY_INSERT [ref].[BANK_SUB_FAMILY] OFF


SET IDENTITY_INSERT [gmap].[GMAP_ADDRESS] ON 
INSERT [gmap].[GMAP_ADDRESS] ([ID], [FORMATTED_ADDRESS], [LAT], [LNG], [ID_GMAP_ADMINISTRATIVE_AREA_LEVEL_1], [ID_GMAP_ADMINISTRATIVE_AREA_LEVEL_2], [ID_GMAP_COUNTRY], [ID_GMAP_LOCALITY], [ID_GMAP_NEIGHBORHOOD], [ID_GMAP_POSTAL_CODE], [ID_GMAP_ROUTE], [ID_GMAP_STREET_NUMBER], [ID_GMAP_SUBLOCALITY_LEVEL_1], [ID_GMAP_SUBLOCALITY_LEVEL_2]) VALUES (1, N'INCONNU', 0, 0, 1, 1, 1, 1, 1, 1, 1, 1, 1, 1)
INSERT [gmap].[GMAP_ADDRESS] ([ID], [FORMATTED_ADDRESS], [LAT], [LNG], [ID_GMAP_ADMINISTRATIVE_AREA_LEVEL_1], [ID_GMAP_ADMINISTRATIVE_AREA_LEVEL_2], [ID_GMAP_COUNTRY], [ID_GMAP_LOCALITY], [ID_GMAP_NEIGHBORHOOD], [ID_GMAP_POSTAL_CODE], [ID_GMAP_ROUTE], [ID_GMAP_STREET_NUMBER], [ID_GMAP_SUBLOCALITY_LEVEL_1], [ID_GMAP_SUBLOCALITY_LEVEL_2]) VALUES (2, N'N/A', 0, 0, 1, 1, 1, 1, 1, 1, 1, 1, 1, 1)
INSERT [gmap].[GMAP_ADDRESS] ([ID], [FORMATTED_ADDRESS], [LAT], [LNG], [ID_GMAP_ADMINISTRATIVE_AREA_LEVEL_1], [ID_GMAP_ADMINISTRATIVE_AREA_LEVEL_2], [ID_GMAP_COUNTRY], [ID_GMAP_LOCALITY], [ID_GMAP_NEIGHBORHOOD], [ID_GMAP_POSTAL_CODE], [ID_GMAP_ROUTE], [ID_GMAP_STREET_NUMBER], [ID_GMAP_SUBLOCALITY_LEVEL_1], [ID_GMAP_SUBLOCALITY_LEVEL_2]) VALUES (3, N'INTERNET', 0, 0, 1, 1, 1, 1, 1, 1, 1, 1, 1, 1)
SET IDENTITY_INSERT [gmap].[GMAP_ADDRESS] OFF


SET IDENTITY_INSERT [gmap].[GMAP_ADMINISTRATIVE_AREA_LEVEL_1] ON 
INSERT [gmap].[GMAP_ADMINISTRATIVE_AREA_LEVEL_1] ([ID], [LABEL]) VALUES (1, N'INCONNU')
SET IDENTITY_INSERT [gmap].[GMAP_ADMINISTRATIVE_AREA_LEVEL_1] OFF

SET IDENTITY_INSERT [gmap].[GMAP_ADMINISTRATIVE_AREA_LEVEL_2] ON 
INSERT [gmap].[GMAP_ADMINISTRATIVE_AREA_LEVEL_2] ([ID], [LABEL]) VALUES (1, N'INCONNU')
SET IDENTITY_INSERT [gmap].[GMAP_ADMINISTRATIVE_AREA_LEVEL_2] OFF

SET IDENTITY_INSERT [gmap].[GMAP_COUNTRY] ON 
INSERT [gmap].[GMAP_COUNTRY] ([ID], [LABEL]) VALUES (1, N'INCONNU')
SET IDENTITY_INSERT [gmap].[GMAP_COUNTRY] OFF

SET IDENTITY_INSERT [gmap].[GMAP_LOCALITY] ON 
INSERT [gmap].[GMAP_LOCALITY] ([ID], [LABEL]) VALUES (1, N'INCONNU')
SET IDENTITY_INSERT [gmap].[GMAP_LOCALITY] OFF

SET IDENTITY_INSERT [gmap].[GMAP_NEIGHBORHOOD] ON 
INSERT [gmap].[GMAP_NEIGHBORHOOD] ([ID], [LABEL]) VALUES (1, N'INCONNU')
SET IDENTITY_INSERT [gmap].[GMAP_NEIGHBORHOOD] OFF

SET IDENTITY_INSERT [gmap].[GMAP_POSTAL_CODE] ON 
INSERT [gmap].[GMAP_POSTAL_CODE] ([ID], [LABEL]) VALUES (1, N'INCONNU')
SET IDENTITY_INSERT [gmap].[GMAP_POSTAL_CODE] OFF

SET IDENTITY_INSERT [gmap].[GMAP_ROUTE] ON 
INSERT [gmap].[GMAP_ROUTE] ([ID], [LABEL]) VALUES (1, N'INCONNU')
SET IDENTITY_INSERT [gmap].[GMAP_ROUTE] OFF

SET IDENTITY_INSERT [gmap].[GMAP_STREET_NUMBER] ON 
INSERT [gmap].[GMAP_STREET_NUMBER] ([ID], [LABEL]) VALUES (1, N'INCONNU')
SET IDENTITY_INSERT [gmap].[GMAP_STREET_NUMBER] OFF

SET IDENTITY_INSERT [gmap].[GMAP_SUBLOCALITY_LEVEL_1] ON 
INSERT [gmap].[GMAP_SUBLOCALITY_LEVEL_1] ([ID], [LABEL]) VALUES (1, N'INCONNU')
SET IDENTITY_INSERT [gmap].[GMAP_SUBLOCALITY_LEVEL_1] OFF

SET IDENTITY_INSERT [gmap].[GMAP_SUBLOCALITY_LEVEL_2] ON 
INSERT [gmap].[GMAP_SUBLOCALITY_LEVEL_2] ([ID], [LABEL]) VALUES (1, N'INCONNU')
SET IDENTITY_INSERT [gmap].[GMAP_SUBLOCALITY_LEVEL_2] OFF

SET IDENTITY_INSERT [gmap].[GMAP_TYPE] ON 
INSERT [gmap].[GMAP_TYPE] ([ID], [KEYWORD]) VALUES (1, N'ESTABLISHMENT')
INSERT [gmap].[GMAP_TYPE] ([ID], [KEYWORD]) VALUES (2, N'LODGING')
INSERT [gmap].[GMAP_TYPE] ([ID], [KEYWORD]) VALUES (3, N'STREET_ADDRESS')
INSERT [gmap].[GMAP_TYPE] ([ID], [KEYWORD]) VALUES (4, N'LOCALITY')
INSERT [gmap].[GMAP_TYPE] ([ID], [KEYWORD]) VALUES (5, N'POLITICAL')
SET IDENTITY_INSERT [gmap].[GMAP_TYPE] OFF

SET IDENTITY_INSERT [ref].[OPERATION] ON 
INSERT [ref].[OPERATION] ([ID], [LABEL], [REFERENCE], [ID_OPERATION_METHOD], [ID_OPERATION_TYPE], [IS_GENERIC]) VALUES (1, N'INCONNU', NULL, 1, 1, 1)
INSERT [ref].[OPERATION] ([ID], [LABEL], [REFERENCE], [ID_OPERATION_METHOD], [ID_OPERATION_TYPE], [IS_GENERIC]) VALUES (2, N'REMISE CHEQUE', NULL, 5, 8, 1)
INSERT [ref].[OPERATION] ([ID], [LABEL], [REFERENCE], [ID_OPERATION_METHOD], [ID_OPERATION_TYPE], [IS_GENERIC]) VALUES (3, N'RETRAIT DAB', NULL, 8, 56, 1)
INSERT [ref].[OPERATION] ([ID], [LABEL], [REFERENCE], [ID_OPERATION_METHOD], [ID_OPERATION_TYPE], [IS_GENERIC]) VALUES (4, N'REMBOURSEMENT COMMISSION', NULL, 1, 7, 0)
SET IDENTITY_INSERT [ref].[OPERATION] OFF

SET IDENTITY_INSERT [ref].[OPERATION_DETAIL] ON 
INSERT [ref].[OPERATION_DETAIL] ([ID], [ID_OPERATION], [KEYWORD_OPERATION], [KEYWORD_PLACE], [ID_GMAP_ADDRESS], [IS_GENERIC]) VALUES (1, 1, N'--FAKE_KEYWORD--', N'--FAKE_KEYWORD--', 1, 1)
INSERT [ref].[OPERATION_DETAIL] ([ID], [ID_OPERATION], [KEYWORD_OPERATION], [KEYWORD_PLACE], [ID_GMAP_ADDRESS], [IS_GENERIC]) VALUES (2, 1, N'--FAKE_KEYWORD_NA--', N'--FAKE_KEYWORD_NA--', 1, 1)
SET IDENTITY_INSERT [ref].[OPERATION_DETAIL] OFF

SET IDENTITY_INSERT [ref].[OPERATION_METHOD] ON 
INSERT [ref].[OPERATION_METHOD] ([ID], [LABEL]) VALUES (1, N'Inconnue')
INSERT [ref].[OPERATION_METHOD] ([ID], [LABEL]) VALUES (2, N'Paiement Carte bancaire')
INSERT [ref].[OPERATION_METHOD] ([ID], [LABEL]) VALUES (3, N'Cotisation')
INSERT [ref].[OPERATION_METHOD] ([ID], [LABEL]) VALUES (4, N'Virement')
INSERT [ref].[OPERATION_METHOD] ([ID], [LABEL]) VALUES (5, N'Remise chèque')
INSERT [ref].[OPERATION_METHOD] ([ID], [LABEL]) VALUES (6, N'Prélèvement')
INSERT [ref].[OPERATION_METHOD] ([ID], [LABEL]) VALUES (7, N'Frais')
INSERT [ref].[OPERATION_METHOD] ([ID], [LABEL]) VALUES (8, N'Retrait carte bancaire')
INSERT [ref].[OPERATION_METHOD] ([ID], [LABEL]) VALUES (9, N'Emission chèque')
INSERT [ref].[OPERATION_METHOD] ([ID], [LABEL]) VALUES (10, N'Avoir')
INSERT [ref].[OPERATION_METHOD] ([ID], [LABEL]) VALUES (11, N'Interet')
INSERT [ref].[OPERATION_METHOD] ([ID], [LABEL]) VALUES (12, N'Remboursement')
INSERT [ref].[OPERATION_METHOD] ([ID], [LABEL]) VALUES (13, N'Annulation carte bancaire')
SET IDENTITY_INSERT [ref].[OPERATION_METHOD] OFF

SET IDENTITY_INSERT [ref].[OPERATION_METHOD_LEXICAL] ON 
INSERT [ref].[OPERATION_METHOD_LEXICAL] ([ID], [ID_BANK_FAMILY], [ID_OPERATION_METHOD], [KEYWORD], [ORDER_ID]) VALUES (1, 2, 2, N'CB****', 2)
INSERT [ref].[OPERATION_METHOD_LEXICAL] ([ID], [ID_BANK_FAMILY], [ID_OPERATION_METHOD], [KEYWORD], [ORDER_ID]) VALUES (2, 2, 3, N'COTISATION', 4)
INSERT [ref].[OPERATION_METHOD_LEXICAL] ([ID], [ID_BANK_FAMILY], [ID_OPERATION_METHOD], [KEYWORD], [ORDER_ID]) VALUES (3, 2, 4, N'VIREMENT', 5)
INSERT [ref].[OPERATION_METHOD_LEXICAL] ([ID], [ID_BANK_FAMILY], [ID_OPERATION_METHOD], [KEYWORD], [ORDER_ID]) VALUES (4, 2, 6, N'PRLVSEPA', 7)
INSERT [ref].[OPERATION_METHOD_LEXICAL] ([ID], [ID_BANK_FAMILY], [ID_OPERATION_METHOD], [KEYWORD], [ORDER_ID]) VALUES (5, 2, 7, N'FRAIS', 3)
INSERT [ref].[OPERATION_METHOD_LEXICAL] ([ID], [ID_BANK_FAMILY], [ID_OPERATION_METHOD], [KEYWORD], [ORDER_ID]) VALUES (6, 2, 5, N'REMCHQ', 5)
INSERT [ref].[OPERATION_METHOD_LEXICAL] ([ID], [ID_BANK_FAMILY], [ID_OPERATION_METHOD], [KEYWORD], [ORDER_ID]) VALUES (7, 2, 4, N'VIR', 6)
INSERT [ref].[OPERATION_METHOD_LEXICAL] ([ID], [ID_BANK_FAMILY], [ID_OPERATION_METHOD], [KEYWORD], [ORDER_ID]) VALUES (8, 2, 8, N'RETRAITDU', 1)
INSERT [ref].[OPERATION_METHOD_LEXICAL] ([ID], [ID_BANK_FAMILY], [ID_OPERATION_METHOD], [KEYWORD], [ORDER_ID]) VALUES (9, 2, 1, N'--FAKE_KEYWORD--', 0)
INSERT [ref].[OPERATION_METHOD_LEXICAL] ([ID], [ID_BANK_FAMILY], [ID_OPERATION_METHOD], [KEYWORD], [ORDER_ID]) VALUES (10, 2, 6, N'ECHEANCEPRET', 8)
INSERT [ref].[OPERATION_METHOD_LEXICAL] ([ID], [ID_BANK_FAMILY], [ID_OPERATION_METHOD], [KEYWORD], [ORDER_ID]) VALUES (11, 2, 7, N'INTERETSDEBIT', 9)
INSERT [ref].[OPERATION_METHOD_LEXICAL] ([ID], [ID_BANK_FAMILY], [ID_OPERATION_METHOD], [KEYWORD], [ORDER_ID]) VALUES (12, 2, 9, N'CHEQUE', 10)
INSERT [ref].[OPERATION_METHOD_LEXICAL] ([ID], [ID_BANK_FAMILY], [ID_OPERATION_METHOD], [KEYWORD], [ORDER_ID]) VALUES (13, 2, 3, N'RBSMTCOTISAFFINEA', 11)
INSERT [ref].[OPERATION_METHOD_LEXICAL] ([ID], [ID_BANK_FAMILY], [ID_OPERATION_METHOD], [KEYWORD], [ORDER_ID]) VALUES (14, 3, 4, N'VIREMENTENVOTREFAVEUR', 1)
INSERT [ref].[OPERATION_METHOD_LEXICAL] ([ID], [ID_BANK_FAMILY], [ID_OPERATION_METHOD], [KEYWORD], [ORDER_ID]) VALUES (15, 3, 2, N'PAIEMENTPARCARTE', 2)
INSERT [ref].[OPERATION_METHOD_LEXICAL] ([ID], [ID_BANK_FAMILY], [ID_OPERATION_METHOD], [KEYWORD], [ORDER_ID]) VALUES (16, 3, 6, N'PRELEVMNT', 3)
INSERT [ref].[OPERATION_METHOD_LEXICAL] ([ID], [ID_BANK_FAMILY], [ID_OPERATION_METHOD], [KEYWORD], [ORDER_ID]) VALUES (17, 3, 3, N'MENSUELCOTISATION', 4)
INSERT [ref].[OPERATION_METHOD_LEXICAL] ([ID], [ID_BANK_FAMILY], [ID_OPERATION_METHOD], [KEYWORD], [ORDER_ID]) VALUES (18, 3, 8, N'RETRAITAUDISTRIBUTEUR', 5)
INSERT [ref].[OPERATION_METHOD_LEXICAL] ([ID], [ID_BANK_FAMILY], [ID_OPERATION_METHOD], [KEYWORD], [ORDER_ID]) VALUES (19, 3, 10, N'AVOIR', 6)
INSERT [ref].[OPERATION_METHOD_LEXICAL] ([ID], [ID_BANK_FAMILY], [ID_OPERATION_METHOD], [KEYWORD], [ORDER_ID]) VALUES (20, 2, 8, N'CARTE', 2)
INSERT [ref].[OPERATION_METHOD_LEXICAL] ([ID], [ID_BANK_FAMILY], [ID_OPERATION_METHOD], [KEYWORD], [ORDER_ID]) VALUES (21, 2, 7, N'COMMISSIONFACTURETTE', 12)
INSERT [ref].[OPERATION_METHOD_LEXICAL] ([ID], [ID_BANK_FAMILY], [ID_OPERATION_METHOD], [KEYWORD], [ORDER_ID]) VALUES (22, 2, 7, N'COMMISSIONINTERVENTION', 13)
INSERT [ref].[OPERATION_METHOD_LEXICAL] ([ID], [ID_BANK_FAMILY], [ID_OPERATION_METHOD], [KEYWORD], [ORDER_ID]) VALUES (23, 2, 11, N'INTPARTSSOC', 1)
INSERT [ref].[OPERATION_METHOD_LEXICAL] ([ID], [ID_BANK_FAMILY], [ID_OPERATION_METHOD], [KEYWORD], [ORDER_ID]) VALUES (24, 2, 7, N'PRELEVSOCIAUXINTPART', 1)
INSERT [ref].[OPERATION_METHOD_LEXICAL] ([ID], [ID_BANK_FAMILY], [ID_OPERATION_METHOD], [KEYWORD], [ORDER_ID]) VALUES (25, 2, 7, N'ACOMPTEIMPOTINTPART', 1)
INSERT [ref].[OPERATION_METHOD_LEXICAL] ([ID], [ID_BANK_FAMILY], [ID_OPERATION_METHOD], [KEYWORD], [ORDER_ID]) VALUES (26, 3, 11, N'INTERETSCREDITEURS', 1)
INSERT [ref].[OPERATION_METHOD_LEXICAL] ([ID], [ID_BANK_FAMILY], [ID_OPERATION_METHOD], [KEYWORD], [ORDER_ID]) VALUES (27, 2, 12, N'RETROREMBTCOMMISSION', 1)
INSERT [ref].[OPERATION_METHOD_LEXICAL] ([ID], [ID_BANK_FAMILY], [ID_OPERATION_METHOD], [KEYWORD], [ORDER_ID]) VALUES (28, 2, 13, N'ANNUL', 1)
SET IDENTITY_INSERT [ref].[OPERATION_METHOD_LEXICAL] OFF

SET IDENTITY_INSERT [ref].[OPERATION_TYPE] ON 
INSERT [ref].[OPERATION_TYPE] ([ID], [LABEL], [ID_OPERATION_TYPE_FAMILY], [IS_GENERIC]) VALUES (1, N'INCONNU', 1, 1)
INSERT [ref].[OPERATION_TYPE] ([ID], [LABEL], [ID_OPERATION_TYPE_FAMILY], [IS_GENERIC]) VALUES (2, N'Accident du travail', 2, 1)
INSERT [ref].[OPERATION_TYPE] ([ID], [LABEL], [ID_OPERATION_TYPE_FAMILY], [IS_GENERIC]) VALUES (3, N'Allocation de chomage', 2, 1)
INSERT [ref].[OPERATION_TYPE] ([ID], [LABEL], [ID_OPERATION_TYPE_FAMILY], [IS_GENERIC]) VALUES (4, N'Capital de pret recu', 2, 1)
INSERT [ref].[OPERATION_TYPE] ([ID], [LABEL], [ID_OPERATION_TYPE_FAMILY], [IS_GENERIC]) VALUES (5, N'complementaire santé', 2, 1)
INSERT [ref].[OPERATION_TYPE] ([ID], [LABEL], [ID_OPERATION_TYPE_FAMILY], [IS_GENERIC]) VALUES (6, N'crédits impot', 2, 1)
INSERT [ref].[OPERATION_TYPE] ([ID], [LABEL], [ID_OPERATION_TYPE_FAMILY], [IS_GENERIC]) VALUES (7, N'Divers', 2, 1)
INSERT [ref].[OPERATION_TYPE] ([ID], [LABEL], [ID_OPERATION_TYPE_FAMILY], [IS_GENERIC]) VALUES (8, N'Dons et cadeaux', 2, 1)
INSERT [ref].[OPERATION_TYPE] ([ID], [LABEL], [ID_OPERATION_TYPE_FAMILY], [IS_GENERIC]) VALUES (9, N'Heritage', 2, 1)
INSERT [ref].[OPERATION_TYPE] ([ID], [LABEL], [ID_OPERATION_TYPE_FAMILY], [IS_GENERIC]) VALUES (10, N'Jeux', 2, 1)
INSERT [ref].[OPERATION_TYPE] ([ID], [LABEL], [ID_OPERATION_TYPE_FAMILY], [IS_GENERIC]) VALUES (11, N'Options d achats d actions', 2, 1)
INSERT [ref].[OPERATION_TYPE] ([ID], [LABEL], [ID_OPERATION_TYPE_FAMILY], [IS_GENERIC]) VALUES (12, N'Securité sociale', 2, 1)
INSERT [ref].[OPERATION_TYPE] ([ID], [LABEL], [ID_OPERATION_TYPE_FAMILY], [IS_GENERIC]) VALUES (13, N'Dividendes', 3, 1)
INSERT [ref].[OPERATION_TYPE] ([ID], [LABEL], [ID_OPERATION_TYPE_FAMILY], [IS_GENERIC]) VALUES (14, N'Interet', 3, 1)
INSERT [ref].[OPERATION_TYPE] ([ID], [LABEL], [ID_OPERATION_TYPE_FAMILY], [IS_GENERIC]) VALUES (15, N'Plus-values', 3, 1)
INSERT [ref].[OPERATION_TYPE] ([ID], [LABEL], [ID_OPERATION_TYPE_FAMILY], [IS_GENERIC]) VALUES (16, N'Plus values immobilières', 3, 1)
INSERT [ref].[OPERATION_TYPE] ([ID], [LABEL], [ID_OPERATION_TYPE_FAMILY], [IS_GENERIC]) VALUES (17, N'Revenus locatifs', 3, 1)
INSERT [ref].[OPERATION_TYPE] ([ID], [LABEL], [ID_OPERATION_TYPE_FAMILY], [IS_GENERIC]) VALUES (18, N'Commissions', 4, 1)
INSERT [ref].[OPERATION_TYPE] ([ID], [LABEL], [ID_OPERATION_TYPE_FAMILY], [IS_GENERIC]) VALUES (19, N'Contributions employeur', 4, 1)
INSERT [ref].[OPERATION_TYPE] ([ID], [LABEL], [ID_OPERATION_TYPE_FAMILY], [IS_GENERIC]) VALUES (20, N'Heures supplémentaires', 4, 1)
INSERT [ref].[OPERATION_TYPE] ([ID], [LABEL], [ID_OPERATION_TYPE_FAMILY], [IS_GENERIC]) VALUES (21, N'Primes diverse', 4, 1)
INSERT [ref].[OPERATION_TYPE] ([ID], [LABEL], [ID_OPERATION_TYPE_FAMILY], [IS_GENERIC]) VALUES (22, N'Primes résultat', 4, 1)
INSERT [ref].[OPERATION_TYPE] ([ID], [LABEL], [ID_OPERATION_TYPE_FAMILY], [IS_GENERIC]) VALUES (23, N'Salaire net', 4, 1)
INSERT [ref].[OPERATION_TYPE] ([ID], [LABEL], [ID_OPERATION_TYPE_FAMILY], [IS_GENERIC]) VALUES (24, N'Commissions', 5, 1)
INSERT [ref].[OPERATION_TYPE] ([ID], [LABEL], [ID_OPERATION_TYPE_FAMILY], [IS_GENERIC]) VALUES (25, N'Pensions', 5, 1)
INSERT [ref].[OPERATION_TYPE] ([ID], [LABEL], [ID_OPERATION_TYPE_FAMILY], [IS_GENERIC]) VALUES (26, N'Régime général', 5, 1)
INSERT [ref].[OPERATION_TYPE] ([ID], [LABEL], [ID_OPERATION_TYPE_FAMILY], [IS_GENERIC]) VALUES (27, N'Retraite complémentaire', 5, 1)
INSERT [ref].[OPERATION_TYPE] ([ID], [LABEL], [ID_OPERATION_TYPE_FAMILY], [IS_GENERIC]) VALUES (28, N'Virement interne', 6, 1)
INSERT [ref].[OPERATION_TYPE] ([ID], [LABEL], [ID_OPERATION_TYPE_FAMILY], [IS_GENERIC]) VALUES (29, N'Assurance habitation', 7, 1)
INSERT [ref].[OPERATION_TYPE] ([ID], [LABEL], [ID_OPERATION_TYPE_FAMILY], [IS_GENERIC]) VALUES (30, N'Charges', 7, 1)
INSERT [ref].[OPERATION_TYPE] ([ID], [LABEL], [ID_OPERATION_TYPE_FAMILY], [IS_GENERIC]) VALUES (31, N'chauffage', 7, 1)
INSERT [ref].[OPERATION_TYPE] ([ID], [LABEL], [ID_OPERATION_TYPE_FAMILY], [IS_GENERIC]) VALUES (32, N'eau', 7, 1)
INSERT [ref].[OPERATION_TYPE] ([ID], [LABEL], [ID_OPERATION_TYPE_FAMILY], [IS_GENERIC]) VALUES (33, N'Electricité', 7, 1)
INSERT [ref].[OPERATION_TYPE] ([ID], [LABEL], [ID_OPERATION_TYPE_FAMILY], [IS_GENERIC]) VALUES (34, N'Internet', 7, 1)
INSERT [ref].[OPERATION_TYPE] ([ID], [LABEL], [ID_OPERATION_TYPE_FAMILY], [IS_GENERIC]) VALUES (35, N'Loyer', 7, 1)
INSERT [ref].[OPERATION_TYPE] ([ID], [LABEL], [ID_OPERATION_TYPE_FAMILY], [IS_GENERIC]) VALUES (36, N'Ménage', 7, 1)
INSERT [ref].[OPERATION_TYPE] ([ID], [LABEL], [ID_OPERATION_TYPE_FAMILY], [IS_GENERIC]) VALUES (37, N'Portable', 7, 1)
INSERT [ref].[OPERATION_TYPE] ([ID], [LABEL], [ID_OPERATION_TYPE_FAMILY], [IS_GENERIC]) VALUES (38, N'Remboursement crédit conso', 7, 1)
INSERT [ref].[OPERATION_TYPE] ([ID], [LABEL], [ID_OPERATION_TYPE_FAMILY], [IS_GENERIC]) VALUES (39, N'Remboursement prêt immobilier', 7, 1)
INSERT [ref].[OPERATION_TYPE] ([ID], [LABEL], [ID_OPERATION_TYPE_FAMILY], [IS_GENERIC]) VALUES (40, N'Service d entretien', 7, 1)
INSERT [ref].[OPERATION_TYPE] ([ID], [LABEL], [ID_OPERATION_TYPE_FAMILY], [IS_GENERIC]) VALUES (41, N'Téléphone', 7, 1)
INSERT [ref].[OPERATION_TYPE] ([ID], [LABEL], [ID_OPERATION_TYPE_FAMILY], [IS_GENERIC]) VALUES (42, N'TV/cable', 7, 1)
INSERT [ref].[OPERATION_TYPE] ([ID], [LABEL], [ID_OPERATION_TYPE_FAMILY], [IS_GENERIC]) VALUES (43, N'Supermarché', 8, 1)
INSERT [ref].[OPERATION_TYPE] ([ID], [LABEL], [ID_OPERATION_TYPE_FAMILY], [IS_GENERIC]) VALUES (45, N'Alimentation', 9, 1)
INSERT [ref].[OPERATION_TYPE] ([ID], [LABEL], [ID_OPERATION_TYPE_FAMILY], [IS_GENERIC]) VALUES (46, N'Fournitures diverses', 9, 1)
INSERT [ref].[OPERATION_TYPE] ([ID], [LABEL], [ID_OPERATION_TYPE_FAMILY], [IS_GENERIC]) VALUES (47, N'Frais de garde', 9, 1)
INSERT [ref].[OPERATION_TYPE] ([ID], [LABEL], [ID_OPERATION_TYPE_FAMILY], [IS_GENERIC]) VALUES (48, N'Vétérinaire', 9, 1)
INSERT [ref].[OPERATION_TYPE] ([ID], [LABEL], [ID_OPERATION_TYPE_FAMILY], [IS_GENERIC]) VALUES (50, N'Accessoires', 10, 1)
INSERT [ref].[OPERATION_TYPE] ([ID], [LABEL], [ID_OPERATION_TYPE_FAMILY], [IS_GENERIC]) VALUES (51, N'Assurance', 10, 1)
INSERT [ref].[OPERATION_TYPE] ([ID], [LABEL], [ID_OPERATION_TYPE_FAMILY], [IS_GENERIC]) VALUES (52, N'Carburant', 10, 1)
INSERT [ref].[OPERATION_TYPE] ([ID], [LABEL], [ID_OPERATION_TYPE_FAMILY], [IS_GENERIC]) VALUES (53, N'Entretiens/Réparations', 10, 1)
INSERT [ref].[OPERATION_TYPE] ([ID], [LABEL], [ID_OPERATION_TYPE_FAMILY], [IS_GENERIC]) VALUES (54, N'Parking/Peage', 10, 1)
INSERT [ref].[OPERATION_TYPE] ([ID], [LABEL], [ID_OPERATION_TYPE_FAMILY], [IS_GENERIC]) VALUES (55, N'Remboursement pret Auto', 10, 1)
INSERT [ref].[OPERATION_TYPE] ([ID], [LABEL], [ID_OPERATION_TYPE_FAMILY], [IS_GENERIC]) VALUES (56, N'Retraits d espèces', 11, 1)
INSERT [ref].[OPERATION_TYPE] ([ID], [LABEL], [ID_OPERATION_TYPE_FAMILY], [IS_GENERIC]) VALUES (57, N'Assurance vie', 12, 1)
INSERT [ref].[OPERATION_TYPE] ([ID], [LABEL], [ID_OPERATION_TYPE_FAMILY], [IS_GENERIC]) VALUES (58, N'Livrets/divers', 12, 1)
INSERT [ref].[OPERATION_TYPE] ([ID], [LABEL], [ID_OPERATION_TYPE_FAMILY], [IS_GENERIC]) VALUES (59, N'Ameublement', 13, 1)
INSERT [ref].[OPERATION_TYPE] ([ID], [LABEL], [ID_OPERATION_TYPE_FAMILY], [IS_GENERIC]) VALUES (60, N'Bricolage/outils', 13, 1)
INSERT [ref].[OPERATION_TYPE] ([ID], [LABEL], [ID_OPERATION_TYPE_FAMILY], [IS_GENERIC]) VALUES (61, N'Electromenager', 13, 1)
INSERT [ref].[OPERATION_TYPE] ([ID], [LABEL], [ID_OPERATION_TYPE_FAMILY], [IS_GENERIC]) VALUES (62, N'High-tech', 13, 1)
INSERT [ref].[OPERATION_TYPE] ([ID], [LABEL], [ID_OPERATION_TYPE_FAMILY], [IS_GENERIC]) VALUES (63, N'Jardinage', 13, 1)
INSERT [ref].[OPERATION_TYPE] ([ID], [LABEL], [ID_OPERATION_TYPE_FAMILY], [IS_GENERIC]) VALUES (64, N'Ordinateurs et accessoires', 13, 1)
INSERT [ref].[OPERATION_TYPE] ([ID], [LABEL], [ID_OPERATION_TYPE_FAMILY], [IS_GENERIC]) VALUES (65, N'Remboursement credit equipement', 13, 1)
INSERT [ref].[OPERATION_TYPE] ([ID], [LABEL], [ID_OPERATION_TYPE_FAMILY], [IS_GENERIC]) VALUES (66, N'Travaux/decoration', 13, 1)
INSERT [ref].[OPERATION_TYPE] ([ID], [LABEL], [ID_OPERATION_TYPE_FAMILY], [IS_GENERIC]) VALUES (67, N'Carte de paiement/de credit', 14, 1)
INSERT [ref].[OPERATION_TYPE] ([ID], [LABEL], [ID_OPERATION_TYPE_FAMILY], [IS_GENERIC]) VALUES (68, N'Frais divers', 14, 1)
INSERT [ref].[OPERATION_TYPE] ([ID], [LABEL], [ID_OPERATION_TYPE_FAMILY], [IS_GENERIC]) VALUES (69, N'intérets versés', 14, 1)
INSERT [ref].[OPERATION_TYPE] ([ID], [LABEL], [ID_OPERATION_TYPE_FAMILY], [IS_GENERIC]) VALUES (70, N'Services/abonnement', 14, 1)
INSERT [ref].[OPERATION_TYPE] ([ID], [LABEL], [ID_OPERATION_TYPE_FAMILY], [IS_GENERIC]) VALUES (71, N'Achats', 15, 1)
INSERT [ref].[OPERATION_TYPE] ([ID], [LABEL], [ID_OPERATION_TYPE_FAMILY], [IS_GENERIC]) VALUES (72, N'Carburant', 15, 1)
INSERT [ref].[OPERATION_TYPE] ([ID], [LABEL], [ID_OPERATION_TYPE_FAMILY], [IS_GENERIC]) VALUES (73, N'Logement/hotel', 15, 1)
INSERT [ref].[OPERATION_TYPE] ([ID], [LABEL], [ID_OPERATION_TYPE_FAMILY], [IS_GENERIC]) VALUES (74, N'Peage', 15, 1)
INSERT [ref].[OPERATION_TYPE] ([ID], [LABEL], [ID_OPERATION_TYPE_FAMILY], [IS_GENERIC]) VALUES (75, N'Train/avion', 15, 1)
INSERT [ref].[OPERATION_TYPE] ([ID], [LABEL], [ID_OPERATION_TYPE_FAMILY], [IS_GENERIC]) VALUES (76, N'Accessoires', 16, 1)
INSERT [ref].[OPERATION_TYPE] ([ID], [LABEL], [ID_OPERATION_TYPE_FAMILY], [IS_GENERIC]) VALUES (77, N'Chaussures', 16, 1)
INSERT [ref].[OPERATION_TYPE] ([ID], [LABEL], [ID_OPERATION_TYPE_FAMILY], [IS_GENERIC]) VALUES (78, N'Vetements', 16, 1)
INSERT [ref].[OPERATION_TYPE] ([ID], [LABEL], [ID_OPERATION_TYPE_FAMILY], [IS_GENERIC]) VALUES (79, N'Autres Impots', 17, 1)
INSERT [ref].[OPERATION_TYPE] ([ID], [LABEL], [ID_OPERATION_TYPE_FAMILY], [IS_GENERIC]) VALUES (80, N'Cotisation Securité sociale', 17, 1)
INSERT [ref].[OPERATION_TYPE] ([ID], [LABEL], [ID_OPERATION_TYPE_FAMILY], [IS_GENERIC]) VALUES (81, N'Impots locaux', 17, 1)
INSERT [ref].[OPERATION_TYPE] ([ID], [LABEL], [ID_OPERATION_TYPE_FAMILY], [IS_GENERIC]) VALUES (82, N'Impot sur le revenu', 17, 1)
INSERT [ref].[OPERATION_TYPE] ([ID], [LABEL], [ID_OPERATION_TYPE_FAMILY], [IS_GENERIC]) VALUES (83, N'Activité sportive', 18, 1)
INSERT [ref].[OPERATION_TYPE] ([ID], [LABEL], [ID_OPERATION_TYPE_FAMILY], [IS_GENERIC]) VALUES (84, N'Article de sport', 18, 1)
INSERT [ref].[OPERATION_TYPE] ([ID], [LABEL], [ID_OPERATION_TYPE_FAMILY], [IS_GENERIC]) VALUES (85, N'CD/DVD/Livre', 18, 1)
INSERT [ref].[OPERATION_TYPE] ([ID], [LABEL], [ID_OPERATION_TYPE_FAMILY], [IS_GENERIC]) VALUES (86, N'Cinema/spectacle', 18, 1)
INSERT [ref].[OPERATION_TYPE] ([ID], [LABEL], [ID_OPERATION_TYPE_FAMILY], [IS_GENERIC]) VALUES (87, N'Jeux', 18, 1)
INSERT [ref].[OPERATION_TYPE] ([ID], [LABEL], [ID_OPERATION_TYPE_FAMILY], [IS_GENERIC]) VALUES (88, N'Journaux', 18, 1)
INSERT [ref].[OPERATION_TYPE] ([ID], [LABEL], [ID_OPERATION_TYPE_FAMILY], [IS_GENERIC]) VALUES (89, N'Manifestation sportive', 18, 1)
INSERT [ref].[OPERATION_TYPE] ([ID], [LABEL], [ID_OPERATION_TYPE_FAMILY], [IS_GENERIC]) VALUES (90, N'Musee/Expositions', 18, 1)
INSERT [ref].[OPERATION_TYPE] ([ID], [LABEL], [ID_OPERATION_TYPE_FAMILY], [IS_GENERIC]) VALUES (91, N'Paris sportifs/Poker', 18, 1)
INSERT [ref].[OPERATION_TYPE] ([ID], [LABEL], [ID_OPERATION_TYPE_FAMILY], [IS_GENERIC]) VALUES (92, N'Complémentaire santé', 19, 1)
INSERT [ref].[OPERATION_TYPE] ([ID], [LABEL], [ID_OPERATION_TYPE_FAMILY], [IS_GENERIC]) VALUES (93, N'Dentiste', 19, 1)
INSERT [ref].[OPERATION_TYPE] ([ID], [LABEL], [ID_OPERATION_TYPE_FAMILY], [IS_GENERIC]) VALUES (94, N'Hopital', 19, 1)
INSERT [ref].[OPERATION_TYPE] ([ID], [LABEL], [ID_OPERATION_TYPE_FAMILY], [IS_GENERIC]) VALUES (95, N'Kinesitherapeute', 19, 1)
INSERT [ref].[OPERATION_TYPE] ([ID], [LABEL], [ID_OPERATION_TYPE_FAMILY], [IS_GENERIC]) VALUES (96, N'Medecin', 19, 1)
INSERT [ref].[OPERATION_TYPE] ([ID], [LABEL], [ID_OPERATION_TYPE_FAMILY], [IS_GENERIC]) VALUES (97, N'Pharmacie', 19, 1)
INSERT [ref].[OPERATION_TYPE] ([ID], [LABEL], [ID_OPERATION_TYPE_FAMILY], [IS_GENERIC]) VALUES (98, N'Coiffeur', 20, 1)
INSERT [ref].[OPERATION_TYPE] ([ID], [LABEL], [ID_OPERATION_TYPE_FAMILY], [IS_GENERIC]) VALUES (99, N'Estheticienne', 20, 1)
INSERT [ref].[OPERATION_TYPE] ([ID], [LABEL], [ID_OPERATION_TYPE_FAMILY], [IS_GENERIC]) VALUES (100, N'Thalasso/Remise en forme', 20, 1)
INSERT [ref].[OPERATION_TYPE] ([ID], [LABEL], [ID_OPERATION_TYPE_FAMILY], [IS_GENERIC]) VALUES (101, N'Avion', 21, 1)
GO
INSERT [ref].[OPERATION_TYPE] ([ID], [LABEL], [ID_OPERATION_TYPE_FAMILY], [IS_GENERIC]) VALUES (102, N'Pass NAVIGO', 21, 1)
INSERT [ref].[OPERATION_TYPE] ([ID], [LABEL], [ID_OPERATION_TYPE_FAMILY], [IS_GENERIC]) VALUES (103, N'Taxis', 21, 1)
INSERT [ref].[OPERATION_TYPE] ([ID], [LABEL], [ID_OPERATION_TYPE_FAMILY], [IS_GENERIC]) VALUES (104, N'Alimentation/restaurant', 22, 0)
INSERT [ref].[OPERATION_TYPE] ([ID], [LABEL], [ID_OPERATION_TYPE_FAMILY], [IS_GENERIC]) VALUES (105, N'Assurance voyage', 22, 0)
INSERT [ref].[OPERATION_TYPE] ([ID], [LABEL], [ID_OPERATION_TYPE_FAMILY], [IS_GENERIC]) VALUES (106, N'Divers', 22, 0)
INSERT [ref].[OPERATION_TYPE] ([ID], [LABEL], [ID_OPERATION_TYPE_FAMILY], [IS_GENERIC]) VALUES (107, N'Excursion/visite', 22, 0)
INSERT [ref].[OPERATION_TYPE] ([ID], [LABEL], [ID_OPERATION_TYPE_FAMILY], [IS_GENERIC]) VALUES (108, N'Location de voiture', 22, 0)
INSERT [ref].[OPERATION_TYPE] ([ID], [LABEL], [ID_OPERATION_TYPE_FAMILY], [IS_GENERIC]) VALUES (109, N'Logement/hotel', 22, 0)
INSERT [ref].[OPERATION_TYPE] ([ID], [LABEL], [ID_OPERATION_TYPE_FAMILY], [IS_GENERIC]) VALUES (110, N'Retrait d argent', 22, 0)
INSERT [ref].[OPERATION_TYPE] ([ID], [LABEL], [ID_OPERATION_TYPE_FAMILY], [IS_GENERIC]) VALUES (111, N'Sejour', 22, 0)
INSERT [ref].[OPERATION_TYPE] ([ID], [LABEL], [ID_OPERATION_TYPE_FAMILY], [IS_GENERIC]) VALUES (135, N'Formation', 15, 1)
INSERT [ref].[OPERATION_TYPE] ([ID], [LABEL], [ID_OPERATION_TYPE_FAMILY], [IS_GENERIC]) VALUES (136, N'Restaurant', 15, 1)
INSERT [ref].[OPERATION_TYPE] ([ID], [LABEL], [ID_OPERATION_TYPE_FAMILY], [IS_GENERIC]) VALUES (137, N'Restaurant', 18, 1)
INSERT [ref].[OPERATION_TYPE] ([ID], [LABEL], [ID_OPERATION_TYPE_FAMILY], [IS_GENERIC]) VALUES (138, N'Cadeaux', 23, 1)
INSERT [ref].[OPERATION_TYPE] ([ID], [LABEL], [ID_OPERATION_TYPE_FAMILY], [IS_GENERIC]) VALUES (139, N'Dons', 23, 1)
INSERT [ref].[OPERATION_TYPE] ([ID], [LABEL], [ID_OPERATION_TYPE_FAMILY], [IS_GENERIC]) VALUES (140, N'ECigarette', 24, 1)
INSERT [ref].[OPERATION_TYPE] ([ID], [LABEL], [ID_OPERATION_TYPE_FAMILY], [IS_GENERIC]) VALUES (141, N'Boulangerie', 8, 1)
INSERT [ref].[OPERATION_TYPE] ([ID], [LABEL], [ID_OPERATION_TYPE_FAMILY], [IS_GENERIC]) VALUES (142, N'Frais virement', 14, 1)
INSERT [ref].[OPERATION_TYPE] ([ID], [LABEL], [ID_OPERATION_TYPE_FAMILY], [IS_GENERIC]) VALUES (145, N'Remboursement prêt', 25, 1)
INSERT [ref].[OPERATION_TYPE] ([ID], [LABEL], [ID_OPERATION_TYPE_FAMILY], [IS_GENERIC]) VALUES (146, N'Assurance prêt', 25, 1)
INSERT [ref].[OPERATION_TYPE] ([ID], [LABEL], [ID_OPERATION_TYPE_FAMILY], [IS_GENERIC]) VALUES (147, N'Charges copropriété', 25, 1)
INSERT [ref].[OPERATION_TYPE] ([ID], [LABEL], [ID_OPERATION_TYPE_FAMILY], [IS_GENERIC]) VALUES (148, N'Train', 21, 1)
SET IDENTITY_INSERT [ref].[OPERATION_TYPE] OFF

SET IDENTITY_INSERT [ref].[OPERATION_TYPE_FAMILY] ON 
INSERT [ref].[OPERATION_TYPE_FAMILY] ([ID], [LABEL], [ID_MOVEMENT], [LOGO_CLASS_NAME], [IS_GENERIC]) VALUES (1, N'INCONNU', 3, N'OtfInconnu', 1)
INSERT [ref].[OPERATION_TYPE_FAMILY] ([ID], [LABEL], [ID_MOVEMENT], [LOGO_CLASS_NAME], [IS_GENERIC]) VALUES (2, N'Autres revenus', 1, NULL, 1)
INSERT [ref].[OPERATION_TYPE_FAMILY] ([ID], [LABEL], [ID_MOVEMENT], [LOGO_CLASS_NAME], [IS_GENERIC]) VALUES (3, N'Placements', 1, N'OtfPlacement', 1)
INSERT [ref].[OPERATION_TYPE_FAMILY] ([ID], [LABEL], [ID_MOVEMENT], [LOGO_CLASS_NAME], [IS_GENERIC]) VALUES (4, N'Traitements et salaires', 1, N'OtfSalaire', 1)
INSERT [ref].[OPERATION_TYPE_FAMILY] ([ID], [LABEL], [ID_MOVEMENT], [LOGO_CLASS_NAME], [IS_GENERIC]) VALUES (5, N'Retraite', 1, N'OtfRetraite', 1)
INSERT [ref].[OPERATION_TYPE_FAMILY] ([ID], [LABEL], [ID_MOVEMENT], [LOGO_CLASS_NAME], [IS_GENERIC]) VALUES (6, N'Virement interne', 3, N'OtfVirement', 1)
INSERT [ref].[OPERATION_TYPE_FAMILY] ([ID], [LABEL], [ID_MOVEMENT], [LOGO_CLASS_NAME], [IS_GENERIC]) VALUES (7, N'Abonnement/Factures', 2, N'OtfFacture', 1)
INSERT [ref].[OPERATION_TYPE_FAMILY] ([ID], [LABEL], [ID_MOVEMENT], [LOGO_CLASS_NAME], [IS_GENERIC]) VALUES (8, N'Alimentation', 2, N'OtfAlimentation', 1)
INSERT [ref].[OPERATION_TYPE_FAMILY] ([ID], [LABEL], [ID_MOVEMENT], [LOGO_CLASS_NAME], [IS_GENERIC]) VALUES (9, N'Animaux domestiques', 2, N'OtfAnimaux', 1)
INSERT [ref].[OPERATION_TYPE_FAMILY] ([ID], [LABEL], [ID_MOVEMENT], [LOGO_CLASS_NAME], [IS_GENERIC]) VALUES (10, N'Voiture personnelle', 2, N'OtfVoiture', 1)
INSERT [ref].[OPERATION_TYPE_FAMILY] ([ID], [LABEL], [ID_MOVEMENT], [LOGO_CLASS_NAME], [IS_GENERIC]) VALUES (11, N'Retrait d espèces', 2, N'OtfInconnu', 1)
INSERT [ref].[OPERATION_TYPE_FAMILY] ([ID], [LABEL], [ID_MOVEMENT], [LOGO_CLASS_NAME], [IS_GENERIC]) VALUES (12, N'Epargne', 2, N'OtfEpargne', 1)
INSERT [ref].[OPERATION_TYPE_FAMILY] ([ID], [LABEL], [ID_MOVEMENT], [LOGO_CLASS_NAME], [IS_GENERIC]) VALUES (13, N'Equipement du logement', 2, N'OtfEquipementLogement', 1)
INSERT [ref].[OPERATION_TYPE_FAMILY] ([ID], [LABEL], [ID_MOVEMENT], [LOGO_CLASS_NAME], [IS_GENERIC]) VALUES (14, N'Frais bancaires', 3, N'OtfFraisBancaire', 1)
INSERT [ref].[OPERATION_TYPE_FAMILY] ([ID], [LABEL], [ID_MOVEMENT], [LOGO_CLASS_NAME], [IS_GENERIC]) VALUES (15, N'Frais professionnels', 2, N'OtfFraisProfessionnel', 1)
INSERT [ref].[OPERATION_TYPE_FAMILY] ([ID], [LABEL], [ID_MOVEMENT], [LOGO_CLASS_NAME], [IS_GENERIC]) VALUES (16, N'Habillement', 2, N'OtfHabillement', 1)
INSERT [ref].[OPERATION_TYPE_FAMILY] ([ID], [LABEL], [ID_MOVEMENT], [LOGO_CLASS_NAME], [IS_GENERIC]) VALUES (17, N'Impots', 2, N'OtfImpots', 1)
INSERT [ref].[OPERATION_TYPE_FAMILY] ([ID], [LABEL], [ID_MOVEMENT], [LOGO_CLASS_NAME], [IS_GENERIC]) VALUES (18, N'Loisirs', 2, N'OtfLoisirs', 1)
INSERT [ref].[OPERATION_TYPE_FAMILY] ([ID], [LABEL], [ID_MOVEMENT], [LOGO_CLASS_NAME], [IS_GENERIC]) VALUES (19, N'Santé', 2, N'OtfSante', 1)
INSERT [ref].[OPERATION_TYPE_FAMILY] ([ID], [LABEL], [ID_MOVEMENT], [LOGO_CLASS_NAME], [IS_GENERIC]) VALUES (20, N'Soins de la personne', 2, N'OtfSoinDeLaPersonne', 1)
INSERT [ref].[OPERATION_TYPE_FAMILY] ([ID], [LABEL], [ID_MOVEMENT], [LOGO_CLASS_NAME], [IS_GENERIC]) VALUES (21, N'Transports en commun', 2, N'OtfInconnu', 1)
INSERT [ref].[OPERATION_TYPE_FAMILY] ([ID], [LABEL], [ID_MOVEMENT], [LOGO_CLASS_NAME], [IS_GENERIC]) VALUES (22, N'Vacances', 2, N'OtfVacances', 0)
INSERT [ref].[OPERATION_TYPE_FAMILY] ([ID], [LABEL], [ID_MOVEMENT], [LOGO_CLASS_NAME], [IS_GENERIC]) VALUES (23, N'Dons et cadeaux', 2, N'OtfCadeau', 1)
INSERT [ref].[OPERATION_TYPE_FAMILY] ([ID], [LABEL], [ID_MOVEMENT], [LOGO_CLASS_NAME], [IS_GENERIC]) VALUES (24, N'Vie quotidienne', 2, N'OtfVieQuotidienne', 1)
INSERT [ref].[OPERATION_TYPE_FAMILY] ([ID], [LABEL], [ID_MOVEMENT], [LOGO_CLASS_NAME], [IS_GENERIC]) VALUES (25, N'Habitation', 2, NULL, 1)
SET IDENTITY_INSERT [ref].[OPERATION_TYPE_FAMILY] OFF

SET IDENTITY_INSERT [gen].[PARAMETER] ON 
INSERT [gen].[PARAMETER] ([ID], [IMPORT_FILE_DIR], [ID_USER]) VALUES (1, N'C:\Projects\Angular\File_Save\', 2)
SET IDENTITY_INSERT [gen].[PARAMETER] OFF

SET IDENTITY_INSERT [plan].[POSTE] ON 
INSERT [plan].[POSTE] ([ID], [LABEL]) VALUES (1, N'Recettes')
INSERT [plan].[POSTE] ([ID], [LABEL]) VALUES (2, N'Dépenses fixes')
INSERT [plan].[POSTE] ([ID], [LABEL]) VALUES (3, N'Dépenses variables')
SET IDENTITY_INSERT [plan].[POSTE] OFF

SET IDENTITY_INSERT [plan].[REFERENCE_TABLE] ON 
INSERT [plan].[REFERENCE_TABLE] ([ID], [TABLE_NAME], [LABEL]) VALUES (1, N'OPERATION_TYPE_FAMILY', N'Catégorie opération')
INSERT [plan].[REFERENCE_TABLE] ([ID], [TABLE_NAME], [LABEL]) VALUES (2, N'OPERATION_TYPE', N'Type opération')
INSERT [plan].[REFERENCE_TABLE] ([ID], [TABLE_NAME], [LABEL]) VALUES (3, N'OPERATION', N'Opération')
SET IDENTITY_INSERT [plan].[REFERENCE_TABLE] OFF

SET IDENTITY_INSERT [user].[USER] ON 
INSERT [user].[USER] ([ID], [USER_NAME], [LAST_NAME], [FIRST_NAME], [PASSWORD_HASH], [PASSWORD_SALT], [GENDER], [BIRTH_DATE], [CREATION_DATE], [LAST_ACTIVE_DATE], [ID_GMAP_ADDRESS], [AVATAR_URL], [ID_AVATAR_CLOUD]) VALUES (1, N'invité', N'Doe', N'John', NULL, NULL, NULL, CAST(N'1977-02-16T00:00:00.0000000' AS DateTime2), CAST(N'2017-01-01T00:00:00.0000000' AS DateTime2), CAST(N'2018-01-01T00:00:00.0000000' AS DateTime2), 1, NULL, NULL)
INSERT [user].[USER] ([ID], [USER_NAME], [LAST_NAME], [FIRST_NAME], [PASSWORD_HASH], [PASSWORD_SALT], [GENDER], [BIRTH_DATE], [CREATION_DATE], [LAST_ACTIVE_DATE], [ID_GMAP_ADDRESS], [AVATAR_URL], [ID_AVATAR_CLOUD]) VALUES (2, N'nico', N'BRILLOUET', N'Nicolas', 0x73A4AF25D35C737E858FB65B47CAD9E0BD3E35855267BA03D65D5148E2F5F0590E417275726542A55BC120522C23899C19689183B554ED27629A5EA007163B20, 0xE3AD2E2D9F7F87B7A3F2B5F7D1F623A6C49B9C0008ACE9ACFA522A3048C55079377A10E3C9323005F8EE408E3EAE00635707F8B44697772FADFC661F03CBCAD22A8F611190A69357B895DC69090559190B5007499A4C3869846D79A1BFD595D9CBBFC57D47405D371EFE810FC9A640BDF846BD0FF83370A8E2A2A594761055F2, NULL, CAST(N'1977-02-16T00:00:00.0000000' AS DateTime2), CAST(N'0001-01-01T00:00:00.0000000' AS DateTime2), CAST(N'2018-09-20T14:24:06.8456588' AS DateTime2), 1, N'http://res.cloudinary.com/killmeagain77/image/upload/v1537279115/ikt0qpl3oilw145xmq0z.png', N'ikt0qpl3oilw145xmq0z')
INSERT [user].[USER] ([ID], [USER_NAME], [LAST_NAME], [FIRST_NAME], [PASSWORD_HASH], [PASSWORD_SALT], [GENDER], [BIRTH_DATE], [CREATION_DATE], [LAST_ACTIVE_DATE], [ID_GMAP_ADDRESS], [AVATAR_URL], [ID_AVATAR_CLOUD]) VALUES (3, NULL, N'CHEROY', N'Sandra', NULL, NULL, NULL, CAST(N'1982-01-25T00:00:00.0000000' AS DateTime2), CAST(N'2017-01-01T00:00:00.0000000' AS DateTime2), CAST(N'2018-01-01T00:00:00.0000000' AS DateTime2), 1, NULL, NULL)
SET IDENTITY_INSERT [user].[USER] OFF

SET IDENTITY_INSERT [user].[USER_ACCOUNT] ON 
INSERT [user].[USER_ACCOUNT] ([ID], [ID_USER], [ID_ACCOUNT]) VALUES (1, 2, 2)
INSERT [user].[USER_ACCOUNT] ([ID], [ID_USER], [ID_ACCOUNT]) VALUES (2, 2, 3)
INSERT [user].[USER_ACCOUNT] ([ID], [ID_USER], [ID_ACCOUNT]) VALUES (3, 2, 4)
INSERT [user].[USER_ACCOUNT] ([ID], [ID_USER], [ID_ACCOUNT]) VALUES (4, 2, 5)
INSERT [user].[USER_ACCOUNT] ([ID], [ID_USER], [ID_ACCOUNT]) VALUES (5, 3, 4)
SET IDENTITY_INSERT [user].[USER_ACCOUNT] OFF

SET IDENTITY_INSERT [gen].[MONTH] ON 
INSERT [gen].[MONTH] ([ID], [NUMBER], [LANGUAGE_CODE], [LABEL_LONG], [LABEL_SHORT]) VALUES (1, N'01', N'FR', N'Janvier', N'Jan')
INSERT [gen].[MONTH] ([ID], [NUMBER], [LANGUAGE_CODE], [LABEL_LONG], [LABEL_SHORT]) VALUES (2, N'02', N'FR', N'Février', N'Fev')
INSERT [gen].[MONTH] ([ID], [NUMBER], [LANGUAGE_CODE], [LABEL_LONG], [LABEL_SHORT]) VALUES (3, N'03', N'FR', N'Mars', N'Mar')
INSERT [gen].[MONTH] ([ID], [NUMBER], [LANGUAGE_CODE], [LABEL_LONG], [LABEL_SHORT]) VALUES (4, N'04', N'FR', N'Avril', N'Avr')
INSERT [gen].[MONTH] ([ID], [NUMBER], [LANGUAGE_CODE], [LABEL_LONG], [LABEL_SHORT]) VALUES (5, N'05', N'FR', N'Mai', N'Mai')
INSERT [gen].[MONTH] ([ID], [NUMBER], [LANGUAGE_CODE], [LABEL_LONG], [LABEL_SHORT]) VALUES (6, N'06', N'FR', N'Juin', N'Jui')
INSERT [gen].[MONTH] ([ID], [NUMBER], [LANGUAGE_CODE], [LABEL_LONG], [LABEL_SHORT]) VALUES (7, N'07', N'FR', N'Juillet', N'Juil')
INSERT [gen].[MONTH] ([ID], [NUMBER], [LANGUAGE_CODE], [LABEL_LONG], [LABEL_SHORT]) VALUES (8, N'08', N'FR', N'Aout', N'Aou')
INSERT [gen].[MONTH] ([ID], [NUMBER], [LANGUAGE_CODE], [LABEL_LONG], [LABEL_SHORT]) VALUES (9, N'09', N'FR', N'Septembre', N'Sep')
INSERT [gen].[MONTH] ([ID], [NUMBER], [LANGUAGE_CODE], [LABEL_LONG], [LABEL_SHORT]) VALUES (10, N'10', N'FR', N'Octobre', N'Oct')
INSERT [gen].[MONTH] ([ID], [NUMBER], [LANGUAGE_CODE], [LABEL_LONG], [LABEL_SHORT]) VALUES (11, N'11', N'FR', N'Novembre', N'Nov')
INSERT [gen].[MONTH] ([ID], [NUMBER], [LANGUAGE_CODE], [LABEL_LONG], [LABEL_SHORT]) VALUES (12, N'12', N'FR', N'Décembre', N'Dec')
SET IDENTITY_INSERT [gen].[MONTH] OFF

SET IDENTITY_INSERT [user].USER_OPERATION ON
INSERT INTO  [user].USER_OPERATION (ID,ID_USER,ID_OPERATION) values (1,1,1)
INSERT INTO  [user].USER_OPERATION (ID,ID_USER,ID_OPERATION) values (2,1,2)
INSERT INTO  [user].USER_OPERATION (ID,ID_USER,ID_OPERATION) values (3,1,3)
INSERT INTO  [user].USER_OPERATION (ID,ID_USER,ID_OPERATION) values (4,2,1)
INSERT INTO  [user].USER_OPERATION (ID,ID_USER,ID_OPERATION) values (5,2,2)
INSERT INTO  [user].USER_OPERATION (ID,ID_USER,ID_OPERATION) values (6,2,3)
INSERT INTO  [user].USER_OPERATION (ID,ID_USER,ID_OPERATION) values (7,3,1)
INSERT INTO  [user].USER_OPERATION (ID,ID_USER,ID_OPERATION) values (8,3,2)
INSERT INTO  [user].USER_OPERATION (ID,ID_USER,ID_OPERATION) values (9,3,3)
SET IDENTITY_INSERT [user].USER_OPERATION OFF

SET IDENTITY_INSERT [user].USER_OPERATION_DETAIL ON
INSERT INTO  [user].USER_OPERATION_DETAIL (ID,ID_USER,ID_OPERATION_DETAIL) values (1,1,1)
INSERT INTO  [user].USER_OPERATION_DETAIL (ID,ID_USER,ID_OPERATION_DETAIL) values (2,1,2)
INSERT INTO  [user].USER_OPERATION_DETAIL (ID,ID_USER,ID_OPERATION_DETAIL) values (4,2,1)
INSERT INTO  [user].USER_OPERATION_DETAIL (ID,ID_USER,ID_OPERATION_DETAIL) values (5,2,2)
INSERT INTO  [user].USER_OPERATION_DETAIL (ID,ID_USER,ID_OPERATION_DETAIL) values (7,3,1)
INSERT INTO  [user].USER_OPERATION_DETAIL (ID,ID_USER,ID_OPERATION_DETAIL) values (8,3,2)
SET IDENTITY_INSERT [user].USER_OPERATION_DETAIL OFF

SET IDENTITY_INSERT [user].USER_OPERATION_TYPE ON
INSERT INTO  [user].USER_OPERATION_TYPE (ID,ID_USER,ID_OPERATION_TYPE) values (	1	,	1,	1	)
INSERT INTO  [user].USER_OPERATION_TYPE (ID,ID_USER,ID_OPERATION_TYPE) values (	2	,	1,	2	)
INSERT INTO  [user].USER_OPERATION_TYPE (ID,ID_USER,ID_OPERATION_TYPE) values (	3	,	1,	3	)
INSERT INTO  [user].USER_OPERATION_TYPE (ID,ID_USER,ID_OPERATION_TYPE) values (	4	,	1,	4	)
INSERT INTO  [user].USER_OPERATION_TYPE (ID,ID_USER,ID_OPERATION_TYPE) values (	5	,	1,	5	)
INSERT INTO  [user].USER_OPERATION_TYPE (ID,ID_USER,ID_OPERATION_TYPE) values (	6	,	1,	6	)
INSERT INTO  [user].USER_OPERATION_TYPE (ID,ID_USER,ID_OPERATION_TYPE) values (	7	,	1,	7	)
INSERT INTO  [user].USER_OPERATION_TYPE (ID,ID_USER,ID_OPERATION_TYPE) values (	8	,	1,	8	)
INSERT INTO  [user].USER_OPERATION_TYPE (ID,ID_USER,ID_OPERATION_TYPE) values (	9	,	1,	9	)
INSERT INTO  [user].USER_OPERATION_TYPE (ID,ID_USER,ID_OPERATION_TYPE) values (	10	,	1,	10	)
INSERT INTO  [user].USER_OPERATION_TYPE (ID,ID_USER,ID_OPERATION_TYPE) values (	11	,	1,	11	)
INSERT INTO  [user].USER_OPERATION_TYPE (ID,ID_USER,ID_OPERATION_TYPE) values (	12	,	1,	12	)
INSERT INTO  [user].USER_OPERATION_TYPE (ID,ID_USER,ID_OPERATION_TYPE) values (	13	,	1,	13	)
INSERT INTO  [user].USER_OPERATION_TYPE (ID,ID_USER,ID_OPERATION_TYPE) values (	14	,	1,	14	)
INSERT INTO  [user].USER_OPERATION_TYPE (ID,ID_USER,ID_OPERATION_TYPE) values (	15	,	1,	15	)
INSERT INTO  [user].USER_OPERATION_TYPE (ID,ID_USER,ID_OPERATION_TYPE) values (	16	,	1,	16	)
INSERT INTO  [user].USER_OPERATION_TYPE (ID,ID_USER,ID_OPERATION_TYPE) values (	17	,	1,	17	)
INSERT INTO  [user].USER_OPERATION_TYPE (ID,ID_USER,ID_OPERATION_TYPE) values (	18	,	1,	18	)
INSERT INTO  [user].USER_OPERATION_TYPE (ID,ID_USER,ID_OPERATION_TYPE) values (	19	,	1,	19	)
INSERT INTO  [user].USER_OPERATION_TYPE (ID,ID_USER,ID_OPERATION_TYPE) values (	20	,	1,	20	)
INSERT INTO  [user].USER_OPERATION_TYPE (ID,ID_USER,ID_OPERATION_TYPE) values (	21	,	1,	21	)
INSERT INTO  [user].USER_OPERATION_TYPE (ID,ID_USER,ID_OPERATION_TYPE) values (	22	,	1,	22	)
INSERT INTO  [user].USER_OPERATION_TYPE (ID,ID_USER,ID_OPERATION_TYPE) values (	23	,	1,	23	)
INSERT INTO  [user].USER_OPERATION_TYPE (ID,ID_USER,ID_OPERATION_TYPE) values (	24	,	1,	24	)
INSERT INTO  [user].USER_OPERATION_TYPE (ID,ID_USER,ID_OPERATION_TYPE) values (	25	,	1,	25	)
INSERT INTO  [user].USER_OPERATION_TYPE (ID,ID_USER,ID_OPERATION_TYPE) values (	26	,	1,	26	)
INSERT INTO  [user].USER_OPERATION_TYPE (ID,ID_USER,ID_OPERATION_TYPE) values (	27	,	1,	27	)
INSERT INTO  [user].USER_OPERATION_TYPE (ID,ID_USER,ID_OPERATION_TYPE) values (	28	,	1,	28	)
INSERT INTO  [user].USER_OPERATION_TYPE (ID,ID_USER,ID_OPERATION_TYPE) values (	29	,	1,	29	)
INSERT INTO  [user].USER_OPERATION_TYPE (ID,ID_USER,ID_OPERATION_TYPE) values (	30	,	1,	30	)
INSERT INTO  [user].USER_OPERATION_TYPE (ID,ID_USER,ID_OPERATION_TYPE) values (	31	,	1,	31	)
INSERT INTO  [user].USER_OPERATION_TYPE (ID,ID_USER,ID_OPERATION_TYPE) values (	32	,	1,	32	)
INSERT INTO  [user].USER_OPERATION_TYPE (ID,ID_USER,ID_OPERATION_TYPE) values (	33	,	1,	33	)
INSERT INTO  [user].USER_OPERATION_TYPE (ID,ID_USER,ID_OPERATION_TYPE) values (	34	,	1,	34	)
INSERT INTO  [user].USER_OPERATION_TYPE (ID,ID_USER,ID_OPERATION_TYPE) values (	35	,	1,	35	)
INSERT INTO  [user].USER_OPERATION_TYPE (ID,ID_USER,ID_OPERATION_TYPE) values (	36	,	1,	36	)
INSERT INTO  [user].USER_OPERATION_TYPE (ID,ID_USER,ID_OPERATION_TYPE) values (	37	,	1,	37	)
INSERT INTO  [user].USER_OPERATION_TYPE (ID,ID_USER,ID_OPERATION_TYPE) values (	38	,	1,	38	)
INSERT INTO  [user].USER_OPERATION_TYPE (ID,ID_USER,ID_OPERATION_TYPE) values (	39	,	1,	39	)
INSERT INTO  [user].USER_OPERATION_TYPE (ID,ID_USER,ID_OPERATION_TYPE) values (	40	,	1,	40	)
INSERT INTO  [user].USER_OPERATION_TYPE (ID,ID_USER,ID_OPERATION_TYPE) values (	41	,	1,	41	)
INSERT INTO  [user].USER_OPERATION_TYPE (ID,ID_USER,ID_OPERATION_TYPE) values (	42	,	1,	42	)
INSERT INTO  [user].USER_OPERATION_TYPE (ID,ID_USER,ID_OPERATION_TYPE) values (	43	,	1,	43	)
INSERT INTO  [user].USER_OPERATION_TYPE (ID,ID_USER,ID_OPERATION_TYPE) values (	44	,	1,	45	)
INSERT INTO  [user].USER_OPERATION_TYPE (ID,ID_USER,ID_OPERATION_TYPE) values (	45	,	1,	46	)
INSERT INTO  [user].USER_OPERATION_TYPE (ID,ID_USER,ID_OPERATION_TYPE) values (	46	,	1,	47	)
INSERT INTO  [user].USER_OPERATION_TYPE (ID,ID_USER,ID_OPERATION_TYPE) values (	47	,	1,	48	)
INSERT INTO  [user].USER_OPERATION_TYPE (ID,ID_USER,ID_OPERATION_TYPE) values (	48	,	1,	50	)
INSERT INTO  [user].USER_OPERATION_TYPE (ID,ID_USER,ID_OPERATION_TYPE) values (	49	,	1,	51	)
INSERT INTO  [user].USER_OPERATION_TYPE (ID,ID_USER,ID_OPERATION_TYPE) values (	50	,	1,	52	)
INSERT INTO  [user].USER_OPERATION_TYPE (ID,ID_USER,ID_OPERATION_TYPE) values (	51	,	1,	53	)
INSERT INTO  [user].USER_OPERATION_TYPE (ID,ID_USER,ID_OPERATION_TYPE) values (	52	,	1,	54	)
INSERT INTO  [user].USER_OPERATION_TYPE (ID,ID_USER,ID_OPERATION_TYPE) values (	53	,	1,	55	)
INSERT INTO  [user].USER_OPERATION_TYPE (ID,ID_USER,ID_OPERATION_TYPE) values (	54	,	1,	56	)
INSERT INTO  [user].USER_OPERATION_TYPE (ID,ID_USER,ID_OPERATION_TYPE) values (	55	,	1,	57	)
INSERT INTO  [user].USER_OPERATION_TYPE (ID,ID_USER,ID_OPERATION_TYPE) values (	56	,	1,	58	)
INSERT INTO  [user].USER_OPERATION_TYPE (ID,ID_USER,ID_OPERATION_TYPE) values (	57	,	1,	59	)
INSERT INTO  [user].USER_OPERATION_TYPE (ID,ID_USER,ID_OPERATION_TYPE) values (	58	,	1,	60	)
INSERT INTO  [user].USER_OPERATION_TYPE (ID,ID_USER,ID_OPERATION_TYPE) values (	59	,	1,	61	)
INSERT INTO  [user].USER_OPERATION_TYPE (ID,ID_USER,ID_OPERATION_TYPE) values (	60	,	1,	62	)
INSERT INTO  [user].USER_OPERATION_TYPE (ID,ID_USER,ID_OPERATION_TYPE) values (	61	,	1,	63	)
INSERT INTO  [user].USER_OPERATION_TYPE (ID,ID_USER,ID_OPERATION_TYPE) values (	62	,	1,	64	)
INSERT INTO  [user].USER_OPERATION_TYPE (ID,ID_USER,ID_OPERATION_TYPE) values (	63	,	1,	65	)
INSERT INTO  [user].USER_OPERATION_TYPE (ID,ID_USER,ID_OPERATION_TYPE) values (	64	,	1,	66	)
INSERT INTO  [user].USER_OPERATION_TYPE (ID,ID_USER,ID_OPERATION_TYPE) values (	65	,	1,	67	)
INSERT INTO  [user].USER_OPERATION_TYPE (ID,ID_USER,ID_OPERATION_TYPE) values (	66	,	1,	68	)
INSERT INTO  [user].USER_OPERATION_TYPE (ID,ID_USER,ID_OPERATION_TYPE) values (	67	,	1,	69	)
INSERT INTO  [user].USER_OPERATION_TYPE (ID,ID_USER,ID_OPERATION_TYPE) values (	68	,	1,	70	)
INSERT INTO  [user].USER_OPERATION_TYPE (ID,ID_USER,ID_OPERATION_TYPE) values (	69	,	1,	71	)
INSERT INTO  [user].USER_OPERATION_TYPE (ID,ID_USER,ID_OPERATION_TYPE) values (	70	,	1,	72	)
INSERT INTO  [user].USER_OPERATION_TYPE (ID,ID_USER,ID_OPERATION_TYPE) values (	71	,	1,	73	)
INSERT INTO  [user].USER_OPERATION_TYPE (ID,ID_USER,ID_OPERATION_TYPE) values (	72	,	1,	74	)
INSERT INTO  [user].USER_OPERATION_TYPE (ID,ID_USER,ID_OPERATION_TYPE) values (	73	,	1,	75	)
INSERT INTO  [user].USER_OPERATION_TYPE (ID,ID_USER,ID_OPERATION_TYPE) values (	74	,	1,	76	)
INSERT INTO  [user].USER_OPERATION_TYPE (ID,ID_USER,ID_OPERATION_TYPE) values (	75	,	1,	77	)
INSERT INTO  [user].USER_OPERATION_TYPE (ID,ID_USER,ID_OPERATION_TYPE) values (	76	,	1,	78	)
INSERT INTO  [user].USER_OPERATION_TYPE (ID,ID_USER,ID_OPERATION_TYPE) values (	77	,	1,	79	)
INSERT INTO  [user].USER_OPERATION_TYPE (ID,ID_USER,ID_OPERATION_TYPE) values (	78	,	1,	80	)
INSERT INTO  [user].USER_OPERATION_TYPE (ID,ID_USER,ID_OPERATION_TYPE) values (	79	,	1,	81	)
INSERT INTO  [user].USER_OPERATION_TYPE (ID,ID_USER,ID_OPERATION_TYPE) values (	80	,	1,	82	)
INSERT INTO  [user].USER_OPERATION_TYPE (ID,ID_USER,ID_OPERATION_TYPE) values (	81	,	1,	83	)
INSERT INTO  [user].USER_OPERATION_TYPE (ID,ID_USER,ID_OPERATION_TYPE) values (	82	,	1,	84	)
INSERT INTO  [user].USER_OPERATION_TYPE (ID,ID_USER,ID_OPERATION_TYPE) values (	83	,	1,	85	)
INSERT INTO  [user].USER_OPERATION_TYPE (ID,ID_USER,ID_OPERATION_TYPE) values (	84	,	1,	86	)
INSERT INTO  [user].USER_OPERATION_TYPE (ID,ID_USER,ID_OPERATION_TYPE) values (	85	,	1,	87	)
INSERT INTO  [user].USER_OPERATION_TYPE (ID,ID_USER,ID_OPERATION_TYPE) values (	86	,	1,	88	)
INSERT INTO  [user].USER_OPERATION_TYPE (ID,ID_USER,ID_OPERATION_TYPE) values (	87	,	1,	89	)
INSERT INTO  [user].USER_OPERATION_TYPE (ID,ID_USER,ID_OPERATION_TYPE) values (	88	,	1,	90	)
INSERT INTO  [user].USER_OPERATION_TYPE (ID,ID_USER,ID_OPERATION_TYPE) values (	89	,	1,	91	)
INSERT INTO  [user].USER_OPERATION_TYPE (ID,ID_USER,ID_OPERATION_TYPE) values (	90	,	1,	92	)
INSERT INTO  [user].USER_OPERATION_TYPE (ID,ID_USER,ID_OPERATION_TYPE) values (	91	,	1,	93	)
INSERT INTO  [user].USER_OPERATION_TYPE (ID,ID_USER,ID_OPERATION_TYPE) values (	92	,	1,	94	)
INSERT INTO  [user].USER_OPERATION_TYPE (ID,ID_USER,ID_OPERATION_TYPE) values (	93	,	1,	95	)
INSERT INTO  [user].USER_OPERATION_TYPE (ID,ID_USER,ID_OPERATION_TYPE) values (	94	,	1,	96	)
INSERT INTO  [user].USER_OPERATION_TYPE (ID,ID_USER,ID_OPERATION_TYPE) values (	95	,	1,	97	)
INSERT INTO  [user].USER_OPERATION_TYPE (ID,ID_USER,ID_OPERATION_TYPE) values (	96	,	1,	98	)
INSERT INTO  [user].USER_OPERATION_TYPE (ID,ID_USER,ID_OPERATION_TYPE) values (	97	,	1,	99	)
INSERT INTO  [user].USER_OPERATION_TYPE (ID,ID_USER,ID_OPERATION_TYPE) values (	98	,	1,	100	)
INSERT INTO  [user].USER_OPERATION_TYPE (ID,ID_USER,ID_OPERATION_TYPE) values (	99	,	1,	101	)
INSERT INTO  [user].USER_OPERATION_TYPE (ID,ID_USER,ID_OPERATION_TYPE) values (	100	,	1,	102	)
INSERT INTO  [user].USER_OPERATION_TYPE (ID,ID_USER,ID_OPERATION_TYPE) values (	101	,	1,	103	)
INSERT INTO  [user].USER_OPERATION_TYPE (ID,ID_USER,ID_OPERATION_TYPE) values (	102	,	1,	135	)
INSERT INTO  [user].USER_OPERATION_TYPE (ID,ID_USER,ID_OPERATION_TYPE) values (	103	,	1,	136	)
INSERT INTO  [user].USER_OPERATION_TYPE (ID,ID_USER,ID_OPERATION_TYPE) values (	104	,	1,	137	)
INSERT INTO  [user].USER_OPERATION_TYPE (ID,ID_USER,ID_OPERATION_TYPE) values (	105	,	1,	138	)
INSERT INTO  [user].USER_OPERATION_TYPE (ID,ID_USER,ID_OPERATION_TYPE) values (	106	,	1,	139	)
INSERT INTO  [user].USER_OPERATION_TYPE (ID,ID_USER,ID_OPERATION_TYPE) values (	107	,	1,	140	)
INSERT INTO  [user].USER_OPERATION_TYPE (ID,ID_USER,ID_OPERATION_TYPE) values (	108	,	1,	141	)
INSERT INTO  [user].USER_OPERATION_TYPE (ID,ID_USER,ID_OPERATION_TYPE) values (	109	,	1,	142	)
INSERT INTO  [user].USER_OPERATION_TYPE (ID,ID_USER,ID_OPERATION_TYPE) values (	110	,	1,	145	)
INSERT INTO  [user].USER_OPERATION_TYPE (ID,ID_USER,ID_OPERATION_TYPE) values (	111	,	1,	146	)
INSERT INTO  [user].USER_OPERATION_TYPE (ID,ID_USER,ID_OPERATION_TYPE) values (	112	,	1,	147	)
INSERT INTO  [user].USER_OPERATION_TYPE (ID,ID_USER,ID_OPERATION_TYPE) values (	113	,	1,	148	)
INSERT INTO  [user].USER_OPERATION_TYPE (ID,ID_USER,ID_OPERATION_TYPE) values (	114	,	2,	1	)
INSERT INTO  [user].USER_OPERATION_TYPE (ID,ID_USER,ID_OPERATION_TYPE) values (	115	,	2,	2	)
INSERT INTO  [user].USER_OPERATION_TYPE (ID,ID_USER,ID_OPERATION_TYPE) values (	116	,	2,	3	)
INSERT INTO  [user].USER_OPERATION_TYPE (ID,ID_USER,ID_OPERATION_TYPE) values (	117	,	2,	4	)
INSERT INTO  [user].USER_OPERATION_TYPE (ID,ID_USER,ID_OPERATION_TYPE) values (	118	,	2,	5	)
INSERT INTO  [user].USER_OPERATION_TYPE (ID,ID_USER,ID_OPERATION_TYPE) values (	119	,	2,	6	)
INSERT INTO  [user].USER_OPERATION_TYPE (ID,ID_USER,ID_OPERATION_TYPE) values (	120	,	2,	7	)
INSERT INTO  [user].USER_OPERATION_TYPE (ID,ID_USER,ID_OPERATION_TYPE) values (	121	,	2,	8	)
INSERT INTO  [user].USER_OPERATION_TYPE (ID,ID_USER,ID_OPERATION_TYPE) values (	122	,	2,	9	)
INSERT INTO  [user].USER_OPERATION_TYPE (ID,ID_USER,ID_OPERATION_TYPE) values (	123	,	2,	10	)
INSERT INTO  [user].USER_OPERATION_TYPE (ID,ID_USER,ID_OPERATION_TYPE) values (	124	,	2,	11	)
INSERT INTO  [user].USER_OPERATION_TYPE (ID,ID_USER,ID_OPERATION_TYPE) values (	125	,	2,	12	)
INSERT INTO  [user].USER_OPERATION_TYPE (ID,ID_USER,ID_OPERATION_TYPE) values (	126	,	2,	13	)
INSERT INTO  [user].USER_OPERATION_TYPE (ID,ID_USER,ID_OPERATION_TYPE) values (	127	,	2,	14	)
INSERT INTO  [user].USER_OPERATION_TYPE (ID,ID_USER,ID_OPERATION_TYPE) values (	128	,	2,	15	)
INSERT INTO  [user].USER_OPERATION_TYPE (ID,ID_USER,ID_OPERATION_TYPE) values (	129	,	2,	16	)
INSERT INTO  [user].USER_OPERATION_TYPE (ID,ID_USER,ID_OPERATION_TYPE) values (	130	,	2,	17	)
INSERT INTO  [user].USER_OPERATION_TYPE (ID,ID_USER,ID_OPERATION_TYPE) values (	131	,	2,	18	)
INSERT INTO  [user].USER_OPERATION_TYPE (ID,ID_USER,ID_OPERATION_TYPE) values (	132	,	2,	19	)
INSERT INTO  [user].USER_OPERATION_TYPE (ID,ID_USER,ID_OPERATION_TYPE) values (	133	,	2,	20	)
INSERT INTO  [user].USER_OPERATION_TYPE (ID,ID_USER,ID_OPERATION_TYPE) values (	134	,	2,	21	)
INSERT INTO  [user].USER_OPERATION_TYPE (ID,ID_USER,ID_OPERATION_TYPE) values (	135	,	2,	22	)
INSERT INTO  [user].USER_OPERATION_TYPE (ID,ID_USER,ID_OPERATION_TYPE) values (	136	,	2,	23	)
INSERT INTO  [user].USER_OPERATION_TYPE (ID,ID_USER,ID_OPERATION_TYPE) values (	137	,	2,	24	)
INSERT INTO  [user].USER_OPERATION_TYPE (ID,ID_USER,ID_OPERATION_TYPE) values (	138	,	2,	25	)
INSERT INTO  [user].USER_OPERATION_TYPE (ID,ID_USER,ID_OPERATION_TYPE) values (	139	,	2,	26	)
INSERT INTO  [user].USER_OPERATION_TYPE (ID,ID_USER,ID_OPERATION_TYPE) values (	140	,	2,	27	)
INSERT INTO  [user].USER_OPERATION_TYPE (ID,ID_USER,ID_OPERATION_TYPE) values (	141	,	2,	28	)
INSERT INTO  [user].USER_OPERATION_TYPE (ID,ID_USER,ID_OPERATION_TYPE) values (	142	,	2,	29	)
INSERT INTO  [user].USER_OPERATION_TYPE (ID,ID_USER,ID_OPERATION_TYPE) values (	143	,	2,	30	)
INSERT INTO  [user].USER_OPERATION_TYPE (ID,ID_USER,ID_OPERATION_TYPE) values (	144	,	2,	31	)
INSERT INTO  [user].USER_OPERATION_TYPE (ID,ID_USER,ID_OPERATION_TYPE) values (	145	,	2,	32	)
INSERT INTO  [user].USER_OPERATION_TYPE (ID,ID_USER,ID_OPERATION_TYPE) values (	146	,	2,	33	)
INSERT INTO  [user].USER_OPERATION_TYPE (ID,ID_USER,ID_OPERATION_TYPE) values (	147	,	2,	34	)
INSERT INTO  [user].USER_OPERATION_TYPE (ID,ID_USER,ID_OPERATION_TYPE) values (	148	,	2,	35	)
INSERT INTO  [user].USER_OPERATION_TYPE (ID,ID_USER,ID_OPERATION_TYPE) values (	149	,	2,	36	)
INSERT INTO  [user].USER_OPERATION_TYPE (ID,ID_USER,ID_OPERATION_TYPE) values (	150	,	2,	37	)
INSERT INTO  [user].USER_OPERATION_TYPE (ID,ID_USER,ID_OPERATION_TYPE) values (	151	,	2,	38	)
INSERT INTO  [user].USER_OPERATION_TYPE (ID,ID_USER,ID_OPERATION_TYPE) values (	152	,	2,	39	)
INSERT INTO  [user].USER_OPERATION_TYPE (ID,ID_USER,ID_OPERATION_TYPE) values (	153	,	2,	40	)
INSERT INTO  [user].USER_OPERATION_TYPE (ID,ID_USER,ID_OPERATION_TYPE) values (	154	,	2,	41	)
INSERT INTO  [user].USER_OPERATION_TYPE (ID,ID_USER,ID_OPERATION_TYPE) values (	155	,	2,	42	)
INSERT INTO  [user].USER_OPERATION_TYPE (ID,ID_USER,ID_OPERATION_TYPE) values (	156	,	2,	43	)
INSERT INTO  [user].USER_OPERATION_TYPE (ID,ID_USER,ID_OPERATION_TYPE) values (	157	,	2,	45	)
INSERT INTO  [user].USER_OPERATION_TYPE (ID,ID_USER,ID_OPERATION_TYPE) values (	158	,	2,	46	)
INSERT INTO  [user].USER_OPERATION_TYPE (ID,ID_USER,ID_OPERATION_TYPE) values (	159	,	2,	47	)
INSERT INTO  [user].USER_OPERATION_TYPE (ID,ID_USER,ID_OPERATION_TYPE) values (	160	,	2,	48	)
INSERT INTO  [user].USER_OPERATION_TYPE (ID,ID_USER,ID_OPERATION_TYPE) values (	161	,	2,	50	)
INSERT INTO  [user].USER_OPERATION_TYPE (ID,ID_USER,ID_OPERATION_TYPE) values (	162	,	2,	51	)
INSERT INTO  [user].USER_OPERATION_TYPE (ID,ID_USER,ID_OPERATION_TYPE) values (	163	,	2,	52	)
INSERT INTO  [user].USER_OPERATION_TYPE (ID,ID_USER,ID_OPERATION_TYPE) values (	164	,	2,	53	)
INSERT INTO  [user].USER_OPERATION_TYPE (ID,ID_USER,ID_OPERATION_TYPE) values (	165	,	2,	54	)
INSERT INTO  [user].USER_OPERATION_TYPE (ID,ID_USER,ID_OPERATION_TYPE) values (	166	,	2,	55	)
INSERT INTO  [user].USER_OPERATION_TYPE (ID,ID_USER,ID_OPERATION_TYPE) values (	167	,	2,	56	)
INSERT INTO  [user].USER_OPERATION_TYPE (ID,ID_USER,ID_OPERATION_TYPE) values (	168	,	2,	57	)
INSERT INTO  [user].USER_OPERATION_TYPE (ID,ID_USER,ID_OPERATION_TYPE) values (	169	,	2,	58	)
INSERT INTO  [user].USER_OPERATION_TYPE (ID,ID_USER,ID_OPERATION_TYPE) values (	170	,	2,	59	)
INSERT INTO  [user].USER_OPERATION_TYPE (ID,ID_USER,ID_OPERATION_TYPE) values (	171	,	2,	60	)
INSERT INTO  [user].USER_OPERATION_TYPE (ID,ID_USER,ID_OPERATION_TYPE) values (	172	,	2,	61	)
INSERT INTO  [user].USER_OPERATION_TYPE (ID,ID_USER,ID_OPERATION_TYPE) values (	173	,	2,	62	)
INSERT INTO  [user].USER_OPERATION_TYPE (ID,ID_USER,ID_OPERATION_TYPE) values (	174	,	2,	63	)
INSERT INTO  [user].USER_OPERATION_TYPE (ID,ID_USER,ID_OPERATION_TYPE) values (	175	,	2,	64	)
INSERT INTO  [user].USER_OPERATION_TYPE (ID,ID_USER,ID_OPERATION_TYPE) values (	176	,	2,	65	)
INSERT INTO  [user].USER_OPERATION_TYPE (ID,ID_USER,ID_OPERATION_TYPE) values (	177	,	2,	66	)
INSERT INTO  [user].USER_OPERATION_TYPE (ID,ID_USER,ID_OPERATION_TYPE) values (	178	,	2,	67	)
INSERT INTO  [user].USER_OPERATION_TYPE (ID,ID_USER,ID_OPERATION_TYPE) values (	179	,	2,	68	)
INSERT INTO  [user].USER_OPERATION_TYPE (ID,ID_USER,ID_OPERATION_TYPE) values (	180	,	2,	69	)
INSERT INTO  [user].USER_OPERATION_TYPE (ID,ID_USER,ID_OPERATION_TYPE) values (	181	,	2,	70	)
INSERT INTO  [user].USER_OPERATION_TYPE (ID,ID_USER,ID_OPERATION_TYPE) values (	182	,	2,	71	)
INSERT INTO  [user].USER_OPERATION_TYPE (ID,ID_USER,ID_OPERATION_TYPE) values (	183	,	2,	72	)
INSERT INTO  [user].USER_OPERATION_TYPE (ID,ID_USER,ID_OPERATION_TYPE) values (	184	,	2,	73	)
INSERT INTO  [user].USER_OPERATION_TYPE (ID,ID_USER,ID_OPERATION_TYPE) values (	185	,	2,	74	)
INSERT INTO  [user].USER_OPERATION_TYPE (ID,ID_USER,ID_OPERATION_TYPE) values (	186	,	2,	75	)
INSERT INTO  [user].USER_OPERATION_TYPE (ID,ID_USER,ID_OPERATION_TYPE) values (	187	,	2,	76	)
INSERT INTO  [user].USER_OPERATION_TYPE (ID,ID_USER,ID_OPERATION_TYPE) values (	188	,	2,	77	)
INSERT INTO  [user].USER_OPERATION_TYPE (ID,ID_USER,ID_OPERATION_TYPE) values (	189	,	2,	78	)
INSERT INTO  [user].USER_OPERATION_TYPE (ID,ID_USER,ID_OPERATION_TYPE) values (	190	,	2,	79	)
INSERT INTO  [user].USER_OPERATION_TYPE (ID,ID_USER,ID_OPERATION_TYPE) values (	191	,	2,	80	)
INSERT INTO  [user].USER_OPERATION_TYPE (ID,ID_USER,ID_OPERATION_TYPE) values (	192	,	2,	81	)
INSERT INTO  [user].USER_OPERATION_TYPE (ID,ID_USER,ID_OPERATION_TYPE) values (	193	,	2,	82	)
INSERT INTO  [user].USER_OPERATION_TYPE (ID,ID_USER,ID_OPERATION_TYPE) values (	194	,	2,	83	)
INSERT INTO  [user].USER_OPERATION_TYPE (ID,ID_USER,ID_OPERATION_TYPE) values (	195	,	2,	84	)
INSERT INTO  [user].USER_OPERATION_TYPE (ID,ID_USER,ID_OPERATION_TYPE) values (	196	,	2,	85	)
INSERT INTO  [user].USER_OPERATION_TYPE (ID,ID_USER,ID_OPERATION_TYPE) values (	197	,	2,	86	)
INSERT INTO  [user].USER_OPERATION_TYPE (ID,ID_USER,ID_OPERATION_TYPE) values (	198	,	2,	87	)
INSERT INTO  [user].USER_OPERATION_TYPE (ID,ID_USER,ID_OPERATION_TYPE) values (	199	,	2,	88	)
INSERT INTO  [user].USER_OPERATION_TYPE (ID,ID_USER,ID_OPERATION_TYPE) values (	200	,	2,	89	)
INSERT INTO  [user].USER_OPERATION_TYPE (ID,ID_USER,ID_OPERATION_TYPE) values (	201	,	2,	90	)
INSERT INTO  [user].USER_OPERATION_TYPE (ID,ID_USER,ID_OPERATION_TYPE) values (	202	,	2,	91	)
INSERT INTO  [user].USER_OPERATION_TYPE (ID,ID_USER,ID_OPERATION_TYPE) values (	203	,	2,	92	)
INSERT INTO  [user].USER_OPERATION_TYPE (ID,ID_USER,ID_OPERATION_TYPE) values (	204	,	2,	93	)
INSERT INTO  [user].USER_OPERATION_TYPE (ID,ID_USER,ID_OPERATION_TYPE) values (	205	,	2,	94	)
INSERT INTO  [user].USER_OPERATION_TYPE (ID,ID_USER,ID_OPERATION_TYPE) values (	206	,	2,	95	)
INSERT INTO  [user].USER_OPERATION_TYPE (ID,ID_USER,ID_OPERATION_TYPE) values (	207	,	2,	96	)
INSERT INTO  [user].USER_OPERATION_TYPE (ID,ID_USER,ID_OPERATION_TYPE) values (	208	,	2,	97	)
INSERT INTO  [user].USER_OPERATION_TYPE (ID,ID_USER,ID_OPERATION_TYPE) values (	209	,	2,	98	)
INSERT INTO  [user].USER_OPERATION_TYPE (ID,ID_USER,ID_OPERATION_TYPE) values (	210	,	2,	99	)
INSERT INTO  [user].USER_OPERATION_TYPE (ID,ID_USER,ID_OPERATION_TYPE) values (	211	,	2,	100	)
INSERT INTO  [user].USER_OPERATION_TYPE (ID,ID_USER,ID_OPERATION_TYPE) values (	212	,	2,	101	)
INSERT INTO  [user].USER_OPERATION_TYPE (ID,ID_USER,ID_OPERATION_TYPE) values (	213	,	2,	102	)
INSERT INTO  [user].USER_OPERATION_TYPE (ID,ID_USER,ID_OPERATION_TYPE) values (	214	,	2,	103	)
INSERT INTO  [user].USER_OPERATION_TYPE (ID,ID_USER,ID_OPERATION_TYPE) values (	215	,	2,	135	)
INSERT INTO  [user].USER_OPERATION_TYPE (ID,ID_USER,ID_OPERATION_TYPE) values (	216	,	2,	136	)
INSERT INTO  [user].USER_OPERATION_TYPE (ID,ID_USER,ID_OPERATION_TYPE) values (	217	,	2,	137	)
INSERT INTO  [user].USER_OPERATION_TYPE (ID,ID_USER,ID_OPERATION_TYPE) values (	218	,	2,	138	)
INSERT INTO  [user].USER_OPERATION_TYPE (ID,ID_USER,ID_OPERATION_TYPE) values (	219	,	2,	139	)
INSERT INTO  [user].USER_OPERATION_TYPE (ID,ID_USER,ID_OPERATION_TYPE) values (	220	,	2,	140	)
INSERT INTO  [user].USER_OPERATION_TYPE (ID,ID_USER,ID_OPERATION_TYPE) values (	221	,	2,	141	)
INSERT INTO  [user].USER_OPERATION_TYPE (ID,ID_USER,ID_OPERATION_TYPE) values (	222	,	2,	142	)
INSERT INTO  [user].USER_OPERATION_TYPE (ID,ID_USER,ID_OPERATION_TYPE) values (	223	,	2,	145	)
INSERT INTO  [user].USER_OPERATION_TYPE (ID,ID_USER,ID_OPERATION_TYPE) values (	224	,	2,	146	)
INSERT INTO  [user].USER_OPERATION_TYPE (ID,ID_USER,ID_OPERATION_TYPE) values (	225	,	2,	147	)
INSERT INTO  [user].USER_OPERATION_TYPE (ID,ID_USER,ID_OPERATION_TYPE) values (	226	,	2,	148	)
INSERT INTO  [user].USER_OPERATION_TYPE (ID,ID_USER,ID_OPERATION_TYPE) values (	227	,	3,	1	)
INSERT INTO  [user].USER_OPERATION_TYPE (ID,ID_USER,ID_OPERATION_TYPE) values (	228	,	3,	2	)
INSERT INTO  [user].USER_OPERATION_TYPE (ID,ID_USER,ID_OPERATION_TYPE) values (	229	,	3,	3	)
INSERT INTO  [user].USER_OPERATION_TYPE (ID,ID_USER,ID_OPERATION_TYPE) values (	230	,	3,	4	)
INSERT INTO  [user].USER_OPERATION_TYPE (ID,ID_USER,ID_OPERATION_TYPE) values (	231	,	3,	5	)
INSERT INTO  [user].USER_OPERATION_TYPE (ID,ID_USER,ID_OPERATION_TYPE) values (	232	,	3,	6	)
INSERT INTO  [user].USER_OPERATION_TYPE (ID,ID_USER,ID_OPERATION_TYPE) values (	233	,	3,	7	)
INSERT INTO  [user].USER_OPERATION_TYPE (ID,ID_USER,ID_OPERATION_TYPE) values (	234	,	3,	8	)
INSERT INTO  [user].USER_OPERATION_TYPE (ID,ID_USER,ID_OPERATION_TYPE) values (	235	,	3,	9	)
INSERT INTO  [user].USER_OPERATION_TYPE (ID,ID_USER,ID_OPERATION_TYPE) values (	236	,	3,	10	)
INSERT INTO  [user].USER_OPERATION_TYPE (ID,ID_USER,ID_OPERATION_TYPE) values (	237	,	3,	11	)
INSERT INTO  [user].USER_OPERATION_TYPE (ID,ID_USER,ID_OPERATION_TYPE) values (	238	,	3,	12	)
INSERT INTO  [user].USER_OPERATION_TYPE (ID,ID_USER,ID_OPERATION_TYPE) values (	239	,	3,	13	)
INSERT INTO  [user].USER_OPERATION_TYPE (ID,ID_USER,ID_OPERATION_TYPE) values (	240	,	3,	14	)
INSERT INTO  [user].USER_OPERATION_TYPE (ID,ID_USER,ID_OPERATION_TYPE) values (	241	,	3,	15	)
INSERT INTO  [user].USER_OPERATION_TYPE (ID,ID_USER,ID_OPERATION_TYPE) values (	242	,	3,	16	)
INSERT INTO  [user].USER_OPERATION_TYPE (ID,ID_USER,ID_OPERATION_TYPE) values (	243	,	3,	17	)
INSERT INTO  [user].USER_OPERATION_TYPE (ID,ID_USER,ID_OPERATION_TYPE) values (	244	,	3,	18	)
INSERT INTO  [user].USER_OPERATION_TYPE (ID,ID_USER,ID_OPERATION_TYPE) values (	245	,	3,	19	)
INSERT INTO  [user].USER_OPERATION_TYPE (ID,ID_USER,ID_OPERATION_TYPE) values (	246	,	3,	20	)
INSERT INTO  [user].USER_OPERATION_TYPE (ID,ID_USER,ID_OPERATION_TYPE) values (	247	,	3,	21	)
INSERT INTO  [user].USER_OPERATION_TYPE (ID,ID_USER,ID_OPERATION_TYPE) values (	248	,	3,	22	)
INSERT INTO  [user].USER_OPERATION_TYPE (ID,ID_USER,ID_OPERATION_TYPE) values (	249	,	3,	23	)
INSERT INTO  [user].USER_OPERATION_TYPE (ID,ID_USER,ID_OPERATION_TYPE) values (	250	,	3,	24	)
INSERT INTO  [user].USER_OPERATION_TYPE (ID,ID_USER,ID_OPERATION_TYPE) values (	251	,	3,	25	)
INSERT INTO  [user].USER_OPERATION_TYPE (ID,ID_USER,ID_OPERATION_TYPE) values (	252	,	3,	26	)
INSERT INTO  [user].USER_OPERATION_TYPE (ID,ID_USER,ID_OPERATION_TYPE) values (	253	,	3,	27	)
INSERT INTO  [user].USER_OPERATION_TYPE (ID,ID_USER,ID_OPERATION_TYPE) values (	254	,	3,	28	)
INSERT INTO  [user].USER_OPERATION_TYPE (ID,ID_USER,ID_OPERATION_TYPE) values (	255	,	3,	29	)
INSERT INTO  [user].USER_OPERATION_TYPE (ID,ID_USER,ID_OPERATION_TYPE) values (	256	,	3,	30	)
INSERT INTO  [user].USER_OPERATION_TYPE (ID,ID_USER,ID_OPERATION_TYPE) values (	257	,	3,	31	)
INSERT INTO  [user].USER_OPERATION_TYPE (ID,ID_USER,ID_OPERATION_TYPE) values (	258	,	3,	32	)
INSERT INTO  [user].USER_OPERATION_TYPE (ID,ID_USER,ID_OPERATION_TYPE) values (	259	,	3,	33	)
INSERT INTO  [user].USER_OPERATION_TYPE (ID,ID_USER,ID_OPERATION_TYPE) values (	260	,	3,	34	)
INSERT INTO  [user].USER_OPERATION_TYPE (ID,ID_USER,ID_OPERATION_TYPE) values (	261	,	3,	35	)
INSERT INTO  [user].USER_OPERATION_TYPE (ID,ID_USER,ID_OPERATION_TYPE) values (	262	,	3,	36	)
INSERT INTO  [user].USER_OPERATION_TYPE (ID,ID_USER,ID_OPERATION_TYPE) values (	263	,	3,	37	)
INSERT INTO  [user].USER_OPERATION_TYPE (ID,ID_USER,ID_OPERATION_TYPE) values (	264	,	3,	38	)
INSERT INTO  [user].USER_OPERATION_TYPE (ID,ID_USER,ID_OPERATION_TYPE) values (	265	,	3,	39	)
INSERT INTO  [user].USER_OPERATION_TYPE (ID,ID_USER,ID_OPERATION_TYPE) values (	266	,	3,	40	)
INSERT INTO  [user].USER_OPERATION_TYPE (ID,ID_USER,ID_OPERATION_TYPE) values (	267	,	3,	41	)
INSERT INTO  [user].USER_OPERATION_TYPE (ID,ID_USER,ID_OPERATION_TYPE) values (	268	,	3,	42	)
INSERT INTO  [user].USER_OPERATION_TYPE (ID,ID_USER,ID_OPERATION_TYPE) values (	269	,	3,	43	)
INSERT INTO  [user].USER_OPERATION_TYPE (ID,ID_USER,ID_OPERATION_TYPE) values (	270	,	3,	45	)
INSERT INTO  [user].USER_OPERATION_TYPE (ID,ID_USER,ID_OPERATION_TYPE) values (	271	,	3,	46	)
INSERT INTO  [user].USER_OPERATION_TYPE (ID,ID_USER,ID_OPERATION_TYPE) values (	272	,	3,	47	)
INSERT INTO  [user].USER_OPERATION_TYPE (ID,ID_USER,ID_OPERATION_TYPE) values (	273	,	3,	48	)
INSERT INTO  [user].USER_OPERATION_TYPE (ID,ID_USER,ID_OPERATION_TYPE) values (	274	,	3,	50	)
INSERT INTO  [user].USER_OPERATION_TYPE (ID,ID_USER,ID_OPERATION_TYPE) values (	275	,	3,	51	)
INSERT INTO  [user].USER_OPERATION_TYPE (ID,ID_USER,ID_OPERATION_TYPE) values (	276	,	3,	52	)
INSERT INTO  [user].USER_OPERATION_TYPE (ID,ID_USER,ID_OPERATION_TYPE) values (	277	,	3,	53	)
INSERT INTO  [user].USER_OPERATION_TYPE (ID,ID_USER,ID_OPERATION_TYPE) values (	278	,	3,	54	)
INSERT INTO  [user].USER_OPERATION_TYPE (ID,ID_USER,ID_OPERATION_TYPE) values (	279	,	3,	55	)
INSERT INTO  [user].USER_OPERATION_TYPE (ID,ID_USER,ID_OPERATION_TYPE) values (	280	,	3,	56	)
INSERT INTO  [user].USER_OPERATION_TYPE (ID,ID_USER,ID_OPERATION_TYPE) values (	281	,	3,	57	)
INSERT INTO  [user].USER_OPERATION_TYPE (ID,ID_USER,ID_OPERATION_TYPE) values (	282	,	3,	58	)
INSERT INTO  [user].USER_OPERATION_TYPE (ID,ID_USER,ID_OPERATION_TYPE) values (	283	,	3,	59	)
INSERT INTO  [user].USER_OPERATION_TYPE (ID,ID_USER,ID_OPERATION_TYPE) values (	284	,	3,	60	)
INSERT INTO  [user].USER_OPERATION_TYPE (ID,ID_USER,ID_OPERATION_TYPE) values (	285	,	3,	61	)
INSERT INTO  [user].USER_OPERATION_TYPE (ID,ID_USER,ID_OPERATION_TYPE) values (	286	,	3,	62	)
INSERT INTO  [user].USER_OPERATION_TYPE (ID,ID_USER,ID_OPERATION_TYPE) values (	287	,	3,	63	)
INSERT INTO  [user].USER_OPERATION_TYPE (ID,ID_USER,ID_OPERATION_TYPE) values (	288	,	3,	64	)
INSERT INTO  [user].USER_OPERATION_TYPE (ID,ID_USER,ID_OPERATION_TYPE) values (	289	,	3,	65	)
INSERT INTO  [user].USER_OPERATION_TYPE (ID,ID_USER,ID_OPERATION_TYPE) values (	290	,	3,	66	)
INSERT INTO  [user].USER_OPERATION_TYPE (ID,ID_USER,ID_OPERATION_TYPE) values (	291	,	3,	67	)
INSERT INTO  [user].USER_OPERATION_TYPE (ID,ID_USER,ID_OPERATION_TYPE) values (	292	,	3,	68	)
INSERT INTO  [user].USER_OPERATION_TYPE (ID,ID_USER,ID_OPERATION_TYPE) values (	293	,	3,	69	)
INSERT INTO  [user].USER_OPERATION_TYPE (ID,ID_USER,ID_OPERATION_TYPE) values (	294	,	3,	70	)
INSERT INTO  [user].USER_OPERATION_TYPE (ID,ID_USER,ID_OPERATION_TYPE) values (	295	,	3,	71	)
INSERT INTO  [user].USER_OPERATION_TYPE (ID,ID_USER,ID_OPERATION_TYPE) values (	296	,	3,	72	)
INSERT INTO  [user].USER_OPERATION_TYPE (ID,ID_USER,ID_OPERATION_TYPE) values (	297	,	3,	73	)
INSERT INTO  [user].USER_OPERATION_TYPE (ID,ID_USER,ID_OPERATION_TYPE) values (	298	,	3,	74	)
INSERT INTO  [user].USER_OPERATION_TYPE (ID,ID_USER,ID_OPERATION_TYPE) values (	299	,	3,	75	)
INSERT INTO  [user].USER_OPERATION_TYPE (ID,ID_USER,ID_OPERATION_TYPE) values (	300	,	3,	76	)
INSERT INTO  [user].USER_OPERATION_TYPE (ID,ID_USER,ID_OPERATION_TYPE) values (	301	,	3,	77	)
INSERT INTO  [user].USER_OPERATION_TYPE (ID,ID_USER,ID_OPERATION_TYPE) values (	302	,	3,	78	)
INSERT INTO  [user].USER_OPERATION_TYPE (ID,ID_USER,ID_OPERATION_TYPE) values (	303	,	3,	79	)
INSERT INTO  [user].USER_OPERATION_TYPE (ID,ID_USER,ID_OPERATION_TYPE) values (	304	,	3,	80	)
INSERT INTO  [user].USER_OPERATION_TYPE (ID,ID_USER,ID_OPERATION_TYPE) values (	305	,	3,	81	)
INSERT INTO  [user].USER_OPERATION_TYPE (ID,ID_USER,ID_OPERATION_TYPE) values (	306	,	3,	82	)
INSERT INTO  [user].USER_OPERATION_TYPE (ID,ID_USER,ID_OPERATION_TYPE) values (	307	,	3,	83	)
INSERT INTO  [user].USER_OPERATION_TYPE (ID,ID_USER,ID_OPERATION_TYPE) values (	308	,	3,	84	)
INSERT INTO  [user].USER_OPERATION_TYPE (ID,ID_USER,ID_OPERATION_TYPE) values (	309	,	3,	85	)
INSERT INTO  [user].USER_OPERATION_TYPE (ID,ID_USER,ID_OPERATION_TYPE) values (	310	,	3,	86	)
INSERT INTO  [user].USER_OPERATION_TYPE (ID,ID_USER,ID_OPERATION_TYPE) values (	311	,	3,	87	)
INSERT INTO  [user].USER_OPERATION_TYPE (ID,ID_USER,ID_OPERATION_TYPE) values (	312	,	3,	88	)
INSERT INTO  [user].USER_OPERATION_TYPE (ID,ID_USER,ID_OPERATION_TYPE) values (	313	,	3,	89	)
INSERT INTO  [user].USER_OPERATION_TYPE (ID,ID_USER,ID_OPERATION_TYPE) values (	314	,	3,	90	)
INSERT INTO  [user].USER_OPERATION_TYPE (ID,ID_USER,ID_OPERATION_TYPE) values (	315	,	3,	91	)
INSERT INTO  [user].USER_OPERATION_TYPE (ID,ID_USER,ID_OPERATION_TYPE) values (	316	,	3,	92	)
INSERT INTO  [user].USER_OPERATION_TYPE (ID,ID_USER,ID_OPERATION_TYPE) values (	317	,	3,	93	)
INSERT INTO  [user].USER_OPERATION_TYPE (ID,ID_USER,ID_OPERATION_TYPE) values (	318	,	3,	94	)
INSERT INTO  [user].USER_OPERATION_TYPE (ID,ID_USER,ID_OPERATION_TYPE) values (	319	,	3,	95	)
INSERT INTO  [user].USER_OPERATION_TYPE (ID,ID_USER,ID_OPERATION_TYPE) values (	320	,	3,	96	)
INSERT INTO  [user].USER_OPERATION_TYPE (ID,ID_USER,ID_OPERATION_TYPE) values (	321	,	3,	97	)
INSERT INTO  [user].USER_OPERATION_TYPE (ID,ID_USER,ID_OPERATION_TYPE) values (	322	,	3,	98	)
INSERT INTO  [user].USER_OPERATION_TYPE (ID,ID_USER,ID_OPERATION_TYPE) values (	323	,	3,	99	)
INSERT INTO  [user].USER_OPERATION_TYPE (ID,ID_USER,ID_OPERATION_TYPE) values (	324	,	3,	100	)
INSERT INTO  [user].USER_OPERATION_TYPE (ID,ID_USER,ID_OPERATION_TYPE) values (	325	,	3,	101	)
INSERT INTO  [user].USER_OPERATION_TYPE (ID,ID_USER,ID_OPERATION_TYPE) values (	326	,	3,	102	)
INSERT INTO  [user].USER_OPERATION_TYPE (ID,ID_USER,ID_OPERATION_TYPE) values (	327	,	3,	103	)
INSERT INTO  [user].USER_OPERATION_TYPE (ID,ID_USER,ID_OPERATION_TYPE) values (	328	,	3,	135	)
INSERT INTO  [user].USER_OPERATION_TYPE (ID,ID_USER,ID_OPERATION_TYPE) values (	329	,	3,	136	)
INSERT INTO  [user].USER_OPERATION_TYPE (ID,ID_USER,ID_OPERATION_TYPE) values (	330	,	3,	137	)
INSERT INTO  [user].USER_OPERATION_TYPE (ID,ID_USER,ID_OPERATION_TYPE) values (	331	,	3,	138	)
INSERT INTO  [user].USER_OPERATION_TYPE (ID,ID_USER,ID_OPERATION_TYPE) values (	332	,	3,	139	)
INSERT INTO  [user].USER_OPERATION_TYPE (ID,ID_USER,ID_OPERATION_TYPE) values (	333	,	3,	140	)
INSERT INTO  [user].USER_OPERATION_TYPE (ID,ID_USER,ID_OPERATION_TYPE) values (	334	,	3,	141	)
INSERT INTO  [user].USER_OPERATION_TYPE (ID,ID_USER,ID_OPERATION_TYPE) values (	335	,	3,	142	)
INSERT INTO  [user].USER_OPERATION_TYPE (ID,ID_USER,ID_OPERATION_TYPE) values (	336	,	3,	145	)
INSERT INTO  [user].USER_OPERATION_TYPE (ID,ID_USER,ID_OPERATION_TYPE) values (	337	,	3,	146	)
INSERT INTO  [user].USER_OPERATION_TYPE (ID,ID_USER,ID_OPERATION_TYPE) values (	338	,	3,	147	)
INSERT INTO  [user].USER_OPERATION_TYPE (ID,ID_USER,ID_OPERATION_TYPE) values (	339	,	3,	148	)
SET IDENTITY_INSERT [user].USER_OPERATION_TYPE OFF

SET IDENTITY_INSERT [user].USER_OPERATION_TYPE_FAMILY ON
INSERT INTO  [user].USER_OPERATION_TYPE_FAMILY (ID,ID_USER,ID_OPERATION_TYPE_FAMILY) values (	1	,	1,	1	)
INSERT INTO  [user].USER_OPERATION_TYPE_FAMILY (ID,ID_USER,ID_OPERATION_TYPE_FAMILY) values (	2	,	1,	2	)
INSERT INTO  [user].USER_OPERATION_TYPE_FAMILY (ID,ID_USER,ID_OPERATION_TYPE_FAMILY) values (	3	,	1,	3	)
INSERT INTO  [user].USER_OPERATION_TYPE_FAMILY (ID,ID_USER,ID_OPERATION_TYPE_FAMILY) values (	4	,	1,	4	)
INSERT INTO  [user].USER_OPERATION_TYPE_FAMILY (ID,ID_USER,ID_OPERATION_TYPE_FAMILY) values (	5	,	1,	5	)
INSERT INTO  [user].USER_OPERATION_TYPE_FAMILY (ID,ID_USER,ID_OPERATION_TYPE_FAMILY) values (	6	,	1,	6	)
INSERT INTO  [user].USER_OPERATION_TYPE_FAMILY (ID,ID_USER,ID_OPERATION_TYPE_FAMILY) values (	7	,	1,	7	)
INSERT INTO  [user].USER_OPERATION_TYPE_FAMILY (ID,ID_USER,ID_OPERATION_TYPE_FAMILY) values (	8	,	1,	8	)
INSERT INTO  [user].USER_OPERATION_TYPE_FAMILY (ID,ID_USER,ID_OPERATION_TYPE_FAMILY) values (	9	,	1,	9	)
INSERT INTO  [user].USER_OPERATION_TYPE_FAMILY (ID,ID_USER,ID_OPERATION_TYPE_FAMILY) values (	10	,	1,	10	)
INSERT INTO  [user].USER_OPERATION_TYPE_FAMILY (ID,ID_USER,ID_OPERATION_TYPE_FAMILY) values (	11	,	1,	11	)
INSERT INTO  [user].USER_OPERATION_TYPE_FAMILY (ID,ID_USER,ID_OPERATION_TYPE_FAMILY) values (	12	,	1,	12	)
INSERT INTO  [user].USER_OPERATION_TYPE_FAMILY (ID,ID_USER,ID_OPERATION_TYPE_FAMILY) values (	13	,	1,	13	)
INSERT INTO  [user].USER_OPERATION_TYPE_FAMILY (ID,ID_USER,ID_OPERATION_TYPE_FAMILY) values (	14	,	1,	14	)
INSERT INTO  [user].USER_OPERATION_TYPE_FAMILY (ID,ID_USER,ID_OPERATION_TYPE_FAMILY) values (	15	,	1,	15	)
INSERT INTO  [user].USER_OPERATION_TYPE_FAMILY (ID,ID_USER,ID_OPERATION_TYPE_FAMILY) values (	16	,	1,	16	)
INSERT INTO  [user].USER_OPERATION_TYPE_FAMILY (ID,ID_USER,ID_OPERATION_TYPE_FAMILY) values (	17	,	1,	17	)
INSERT INTO  [user].USER_OPERATION_TYPE_FAMILY (ID,ID_USER,ID_OPERATION_TYPE_FAMILY) values (	18	,	1,	18	)
INSERT INTO  [user].USER_OPERATION_TYPE_FAMILY (ID,ID_USER,ID_OPERATION_TYPE_FAMILY) values (	19	,	1,	19	)
INSERT INTO  [user].USER_OPERATION_TYPE_FAMILY (ID,ID_USER,ID_OPERATION_TYPE_FAMILY) values (	20	,	1,	20	)
INSERT INTO  [user].USER_OPERATION_TYPE_FAMILY (ID,ID_USER,ID_OPERATION_TYPE_FAMILY) values (	21	,	1,	21	)
INSERT INTO  [user].USER_OPERATION_TYPE_FAMILY (ID,ID_USER,ID_OPERATION_TYPE_FAMILY) values (	22	,	1,	23	)
INSERT INTO  [user].USER_OPERATION_TYPE_FAMILY (ID,ID_USER,ID_OPERATION_TYPE_FAMILY) values (	23	,	1,	24	)
INSERT INTO  [user].USER_OPERATION_TYPE_FAMILY (ID,ID_USER,ID_OPERATION_TYPE_FAMILY) values (	24	,	1,	25	)
INSERT INTO  [user].USER_OPERATION_TYPE_FAMILY (ID,ID_USER,ID_OPERATION_TYPE_FAMILY) values (	25	,	2,	1	)
INSERT INTO  [user].USER_OPERATION_TYPE_FAMILY (ID,ID_USER,ID_OPERATION_TYPE_FAMILY) values (	26	,	2,	2	)
INSERT INTO  [user].USER_OPERATION_TYPE_FAMILY (ID,ID_USER,ID_OPERATION_TYPE_FAMILY) values (	27	,	2,	3	)
INSERT INTO  [user].USER_OPERATION_TYPE_FAMILY (ID,ID_USER,ID_OPERATION_TYPE_FAMILY) values (	28	,	2,	4	)
INSERT INTO  [user].USER_OPERATION_TYPE_FAMILY (ID,ID_USER,ID_OPERATION_TYPE_FAMILY) values (	29	,	2,	5	)
INSERT INTO  [user].USER_OPERATION_TYPE_FAMILY (ID,ID_USER,ID_OPERATION_TYPE_FAMILY) values (	30	,	2,	6	)
INSERT INTO  [user].USER_OPERATION_TYPE_FAMILY (ID,ID_USER,ID_OPERATION_TYPE_FAMILY) values (	31	,	2,	7	)
INSERT INTO  [user].USER_OPERATION_TYPE_FAMILY (ID,ID_USER,ID_OPERATION_TYPE_FAMILY) values (	32	,	2,	8	)
INSERT INTO  [user].USER_OPERATION_TYPE_FAMILY (ID,ID_USER,ID_OPERATION_TYPE_FAMILY) values (	33	,	2,	9	)
INSERT INTO  [user].USER_OPERATION_TYPE_FAMILY (ID,ID_USER,ID_OPERATION_TYPE_FAMILY) values (	34	,	2,	10	)
INSERT INTO  [user].USER_OPERATION_TYPE_FAMILY (ID,ID_USER,ID_OPERATION_TYPE_FAMILY) values (	35	,	2,	11	)
INSERT INTO  [user].USER_OPERATION_TYPE_FAMILY (ID,ID_USER,ID_OPERATION_TYPE_FAMILY) values (	36	,	2,	12	)
INSERT INTO  [user].USER_OPERATION_TYPE_FAMILY (ID,ID_USER,ID_OPERATION_TYPE_FAMILY) values (	37	,	2,	13	)
INSERT INTO  [user].USER_OPERATION_TYPE_FAMILY (ID,ID_USER,ID_OPERATION_TYPE_FAMILY) values (	38	,	2,	14	)
INSERT INTO  [user].USER_OPERATION_TYPE_FAMILY (ID,ID_USER,ID_OPERATION_TYPE_FAMILY) values (	39	,	2,	15	)
INSERT INTO  [user].USER_OPERATION_TYPE_FAMILY (ID,ID_USER,ID_OPERATION_TYPE_FAMILY) values (	40	,	2,	16	)
INSERT INTO  [user].USER_OPERATION_TYPE_FAMILY (ID,ID_USER,ID_OPERATION_TYPE_FAMILY) values (	41	,	2,	17	)
INSERT INTO  [user].USER_OPERATION_TYPE_FAMILY (ID,ID_USER,ID_OPERATION_TYPE_FAMILY) values (	42	,	2,	18	)
INSERT INTO  [user].USER_OPERATION_TYPE_FAMILY (ID,ID_USER,ID_OPERATION_TYPE_FAMILY) values (	43	,	2,	19	)
INSERT INTO  [user].USER_OPERATION_TYPE_FAMILY (ID,ID_USER,ID_OPERATION_TYPE_FAMILY) values (	44	,	2,	20	)
INSERT INTO  [user].USER_OPERATION_TYPE_FAMILY (ID,ID_USER,ID_OPERATION_TYPE_FAMILY) values (	45	,	2,	21	)
INSERT INTO  [user].USER_OPERATION_TYPE_FAMILY (ID,ID_USER,ID_OPERATION_TYPE_FAMILY) values (	46	,	2,	23	)
INSERT INTO  [user].USER_OPERATION_TYPE_FAMILY (ID,ID_USER,ID_OPERATION_TYPE_FAMILY) values (	47	,	2,	24	)
INSERT INTO  [user].USER_OPERATION_TYPE_FAMILY (ID,ID_USER,ID_OPERATION_TYPE_FAMILY) values (	48	,	2,	25	)
INSERT INTO  [user].USER_OPERATION_TYPE_FAMILY (ID,ID_USER,ID_OPERATION_TYPE_FAMILY) values (	49	,	3,	1	)
INSERT INTO  [user].USER_OPERATION_TYPE_FAMILY (ID,ID_USER,ID_OPERATION_TYPE_FAMILY) values (	50	,	3,	2	)
INSERT INTO  [user].USER_OPERATION_TYPE_FAMILY (ID,ID_USER,ID_OPERATION_TYPE_FAMILY) values (	51	,	3,	3	)
INSERT INTO  [user].USER_OPERATION_TYPE_FAMILY (ID,ID_USER,ID_OPERATION_TYPE_FAMILY) values (	52	,	3,	4	)
INSERT INTO  [user].USER_OPERATION_TYPE_FAMILY (ID,ID_USER,ID_OPERATION_TYPE_FAMILY) values (	53	,	3,	5	)
INSERT INTO  [user].USER_OPERATION_TYPE_FAMILY (ID,ID_USER,ID_OPERATION_TYPE_FAMILY) values (	54	,	3,	6	)
INSERT INTO  [user].USER_OPERATION_TYPE_FAMILY (ID,ID_USER,ID_OPERATION_TYPE_FAMILY) values (	55	,	3,	7	)
INSERT INTO  [user].USER_OPERATION_TYPE_FAMILY (ID,ID_USER,ID_OPERATION_TYPE_FAMILY) values (	56	,	3,	8	)
INSERT INTO  [user].USER_OPERATION_TYPE_FAMILY (ID,ID_USER,ID_OPERATION_TYPE_FAMILY) values (	57	,	3,	9	)
INSERT INTO  [user].USER_OPERATION_TYPE_FAMILY (ID,ID_USER,ID_OPERATION_TYPE_FAMILY) values (	58	,	3,	10	)
INSERT INTO  [user].USER_OPERATION_TYPE_FAMILY (ID,ID_USER,ID_OPERATION_TYPE_FAMILY) values (	59	,	3,	11	)
INSERT INTO  [user].USER_OPERATION_TYPE_FAMILY (ID,ID_USER,ID_OPERATION_TYPE_FAMILY) values (	60	,	3,	12	)
INSERT INTO  [user].USER_OPERATION_TYPE_FAMILY (ID,ID_USER,ID_OPERATION_TYPE_FAMILY) values (	61	,	3,	13	)
INSERT INTO  [user].USER_OPERATION_TYPE_FAMILY (ID,ID_USER,ID_OPERATION_TYPE_FAMILY) values (	62	,	3,	14	)
INSERT INTO  [user].USER_OPERATION_TYPE_FAMILY (ID,ID_USER,ID_OPERATION_TYPE_FAMILY) values (	63	,	3,	15	)
INSERT INTO  [user].USER_OPERATION_TYPE_FAMILY (ID,ID_USER,ID_OPERATION_TYPE_FAMILY) values (	64	,	3,	16	)
INSERT INTO  [user].USER_OPERATION_TYPE_FAMILY (ID,ID_USER,ID_OPERATION_TYPE_FAMILY) values (	65	,	3,	17	)
INSERT INTO  [user].USER_OPERATION_TYPE_FAMILY (ID,ID_USER,ID_OPERATION_TYPE_FAMILY) values (	66	,	3,	18	)
INSERT INTO  [user].USER_OPERATION_TYPE_FAMILY (ID,ID_USER,ID_OPERATION_TYPE_FAMILY) values (	67	,	3,	19	)
INSERT INTO  [user].USER_OPERATION_TYPE_FAMILY (ID,ID_USER,ID_OPERATION_TYPE_FAMILY) values (	68	,	3,	20	)
INSERT INTO  [user].USER_OPERATION_TYPE_FAMILY (ID,ID_USER,ID_OPERATION_TYPE_FAMILY) values (	69	,	3,	21	)
INSERT INTO  [user].USER_OPERATION_TYPE_FAMILY (ID,ID_USER,ID_OPERATION_TYPE_FAMILY) values (	70	,	3,	23	)
INSERT INTO  [user].USER_OPERATION_TYPE_FAMILY (ID,ID_USER,ID_OPERATION_TYPE_FAMILY) values (	71	,	3,	24	)
INSERT INTO  [user].USER_OPERATION_TYPE_FAMILY (ID,ID_USER,ID_OPERATION_TYPE_FAMILY) values (	72	,	3,	25	)
SET IDENTITY_INSERT [user].USER_OPERATION_TYPE_FAMILY OFF






ALTER TABLE [ref].[ACCOUNT]								WITH CHECK CHECK CONSTRAINT ALL
ALTER TABLE [ref].[ACCOUNT_TYPE]						WITH CHECK CHECK CONSTRAINT ALL
ALTER TABLE [ref].[BANK_AGENCY]							WITH CHECK CHECK CONSTRAINT ALL
ALTER TABLE [ref].[BANK_FAMILY]							WITH CHECK CHECK CONSTRAINT ALL
ALTER TABLE [ref].[BANK_FILE_DEFINITION]				WITH CHECK CHECK CONSTRAINT ALL
ALTER TABLE [ref].[BANK_SUB_FAMILY]						WITH CHECK CHECK CONSTRAINT ALL
ALTER TABLE [gmap].[GMAP_ADDRESS]						WITH CHECK CHECK CONSTRAINT ALL
ALTER TABLE [gmap].[GMAP_ADMINISTRATIVE_AREA_LEVEL_1]	WITH CHECK CHECK CONSTRAINT ALL
ALTER TABLE [gmap].[GMAP_ADMINISTRATIVE_AREA_LEVEL_2]	WITH CHECK CHECK CONSTRAINT ALL
ALTER TABLE [gmap].[GMAP_COUNTRY]						WITH CHECK CHECK CONSTRAINT ALL
ALTER TABLE [gmap].[GMAP_LOCALITY]						WITH CHECK CHECK CONSTRAINT ALL
ALTER TABLE [gmap].[GMAP_NEIGHBORHOOD]					WITH CHECK CHECK CONSTRAINT ALL
ALTER TABLE [gmap].[GMAP_POSTAL_CODE]					WITH CHECK CHECK CONSTRAINT ALL
ALTER TABLE [gmap].[GMAP_ROUTE]							WITH CHECK CHECK CONSTRAINT ALL
ALTER TABLE [gmap].[GMAP_STREET_NUMBER]					WITH CHECK CHECK CONSTRAINT ALL
ALTER TABLE [gmap].[GMAP_SUBLOCALITY_LEVEL_1]			WITH CHECK CHECK CONSTRAINT ALL
ALTER TABLE [gmap].[GMAP_SUBLOCALITY_LEVEL_2]			WITH CHECK CHECK CONSTRAINT ALL
ALTER TABLE [gmap].[GMAP_TYPE]							WITH CHECK CHECK CONSTRAINT ALL
ALTER TABLE [ref].[OPERATION]							WITH CHECK CHECK CONSTRAINT ALL
ALTER TABLE [ref].[OPERATION_DETAIL]					WITH CHECK CHECK CONSTRAINT ALL
ALTER TABLE [ref].[OPERATION_METHOD]					WITH CHECK CHECK CONSTRAINT ALL
ALTER TABLE [ref].[OPERATION_METHOD_LEXICAL]			WITH CHECK CHECK CONSTRAINT ALL
ALTER TABLE [ref].[OPERATION_TYPE]						WITH CHECK CHECK CONSTRAINT ALL
ALTER TABLE [ref].[OPERATION_TYPE_FAMILY]				WITH CHECK CHECK CONSTRAINT ALL
ALTER TABLE [gen].[PARAMETER]							WITH CHECK CHECK CONSTRAINT ALL
ALTER TABLE [plan].[POSTE]								WITH CHECK CHECK CONSTRAINT ALL
ALTER TABLE [plan].[REFERENCE_TABLE]					WITH CHECK CHECK CONSTRAINT ALL
ALTER TABLE [user].[USER]								WITH CHECK CHECK CONSTRAINT ALL
ALTER TABLE [user].[USER_ACCOUNT]						WITH CHECK CHECK CONSTRAINT ALL
ALTER TABLE [user].[USER_CUSTOM_OTF]					WITH CHECK CHECK CONSTRAINT ALL
ALTER TABLE [user].[USER_OPERATION]						WITH CHECK CHECK CONSTRAINT ALL
ALTER TABLE [user].[USER_OPERATION_DETAIL]				WITH CHECK CHECK CONSTRAINT ALL
ALTER TABLE [user].[USER_OPERATION_TYPE]				WITH CHECK CHECK CONSTRAINT ALL
ALTER TABLE [user].[USER_OPERATION_TYPE_FAMILY]			WITH CHECK CHECK CONSTRAINT ALL
ALTER TABLE [user].[USER_SHORTCUT]						WITH CHECK CHECK CONSTRAINT ALL












