
--données des tables à reprendre qd initialisation de base de données

---------------------------------------------------------------------------
--[gen].[MONTH]
---------------------------------------------------------------------------
SET IDENTITY_INSERT [gen].[MONTH] ON 
INSERT [gen].[MONTH] ([ID], [NUMBER], [LANGUAGE_CODE], [LABEL_LONG], [LABEL_SHORT]) VALUES (1, N'01', N'FR', N'Janvier', N'Jan')
INSERT [gen].[MONTH] ([ID], [NUMBER], [LANGUAGE_CODE], [LABEL_LONG], [LABEL_SHORT]) VALUES (2, N'02', N'FR', N'Février', N'Fev')
INSERT [gen].[MONTH] ([ID], [NUMBER], [LANGUAGE_CODE], [LABEL_LONG], [LABEL_SHORT]) VALUES (3, N'03', N'FR', N'Mars', N'Mar')
INSERT [gen].[MONTH] ([ID], [NUMBER], [LANGUAGE_CODE], [LABEL_LONG], [LABEL_SHORT]) VALUES (4, N'04', N'FR', N'Avril', N'Avr')
INSERT [gen].[MONTH] ([ID], [NUMBER], [LANGUAGE_CODE], [LABEL_LONG], [LABEL_SHORT]) VALUES (5, N'05', N'FR', N'Mai', N'Mai')
INSERT [gen].[MONTH] ([ID], [NUMBER], [LANGUAGE_CODE], [LABEL_LONG], [LABEL_SHORT]) VALUES (6, N'06', N'FR', N'Juin', N'Jui')
INSERT [gen].[MONTH] ([ID], [NUMBER], [LANGUAGE_CODE], [LABEL_LONG], [LABEL_SHORT]) VALUES (7, N'07', N'FR', N'Juillet', N'Juil')
INSERT [gen].[MONTH] ([ID], [NUMBER], [LANGUAGE_CODE], [LABEL_LONG], [LABEL_SHORT]) VALUES (8, N'08', N'FR', N'Aout', N'Aou')
INSERT [gen].[MONTH] ([ID], [NUMBER], [LANGUAGE_CODE], [LABEL_LONG], [LABEL_SHORT]) VALUES (9, N'09', N'FR', N'Septembre', N'Sep')
INSERT [gen].[MONTH] ([ID], [NUMBER], [LANGUAGE_CODE], [LABEL_LONG], [LABEL_SHORT]) VALUES (10, N'10', N'FR', N'Octobre', N'Oct')
INSERT [gen].[MONTH] ([ID], [NUMBER], [LANGUAGE_CODE], [LABEL_LONG], [LABEL_SHORT]) VALUES (11, N'11', N'FR', N'Novembre', N'Nov')
INSERT [gen].[MONTH] ([ID], [NUMBER], [LANGUAGE_CODE], [LABEL_LONG], [LABEL_SHORT]) VALUES (12, N'12', N'FR', N'Décembre', N'Dec')
SET IDENTITY_INSERT [gen].[MONTH] OFF

---------------------------------------------------------------------------
--[gen].[GMAP_ADMINISTRATIVE_AREA_LEVEL_1]
---------------------------------------------------------------------------
SET IDENTITY_INSERT [gmap].[GMAP_ADMINISTRATIVE_AREA_LEVEL_1] ON 
INSERT [gmap].[GMAP_ADMINISTRATIVE_AREA_LEVEL_1] ([ID], [LABEL]) VALUES (1, N'INCONNU')
SET IDENTITY_INSERT [gmap].[GMAP_ADMINISTRATIVE_AREA_LEVEL_1] OFF

---------------------------------------------------------------------------
--GMAP_ADMINISTRATIVE_AREA_LEVEL_2
---------------------------------------------------------------------------
SET IDENTITY_INSERT [gmap].[GMAP_ADMINISTRATIVE_AREA_LEVEL_2] ON 
INSERT [gmap].[GMAP_ADMINISTRATIVE_AREA_LEVEL_2] ([ID], [LABEL]) VALUES (1, N'INCONNU')
SET IDENTITY_INSERT [gmap].[GMAP_ADMINISTRATIVE_AREA_LEVEL_2] OFF


---------------------------------------------------------------------------
--GMAP_COUNTRY
---------------------------------------------------------------------------
SET IDENTITY_INSERT [gmap].[GMAP_COUNTRY] ON 
INSERT [gmap].[GMAP_COUNTRY] ([ID], [LABEL]) VALUES (1, N'INCONNU')
SET IDENTITY_INSERT [gmap].[GMAP_COUNTRY] OFF

---------------------------------------------------------------------------
--GMAP_LOCALITY
---------------------------------------------------------------------------
SET IDENTITY_INSERT [gmap].[GMAP_LOCALITY] ON 
INSERT [gmap].[GMAP_LOCALITY] ([ID], [LABEL]) VALUES (1, N'INCONNU')
SET IDENTITY_INSERT [gmap].[GMAP_LOCALITY] OFF

---------------------------------------------------------------------------
--GMAP_NEIGHBORHOOD
---------------------------------------------------------------------------
SET IDENTITY_INSERT [gmap].[GMAP_NEIGHBORHOOD] ON 
INSERT [gmap].[GMAP_NEIGHBORHOOD] ([ID], [LABEL]) VALUES (1, N'INCONNU')
SET IDENTITY_INSERT [gmap].[GMAP_NEIGHBORHOOD] OFF

---------------------------------------------------------------------------
--GMAP_POSTAL_CODE
---------------------------------------------------------------------------
SET IDENTITY_INSERT [gmap].[GMAP_POSTAL_CODE] ON 
INSERT [gmap].[GMAP_POSTAL_CODE] ([ID], [LABEL]) VALUES (1, N'INCONNU')
SET IDENTITY_INSERT [gmap].[GMAP_POSTAL_CODE] OFF

---------------------------------------------------------------------------
--GMAP_ROUTE
---------------------------------------------------------------------------
SET IDENTITY_INSERT [gmap].[GMAP_ROUTE] ON 
INSERT [gmap].[GMAP_ROUTE] ([ID], [LABEL]) VALUES (1, N'INCONNU')
SET IDENTITY_INSERT [gmap].[GMAP_ROUTE] OFF

---------------------------------------------------------------------------
--GMAP_STREET_NUMBER
---------------------------------------------------------------------------
SET IDENTITY_INSERT [gmap].[GMAP_STREET_NUMBER] ON 
INSERT [gmap].[GMAP_STREET_NUMBER] ([ID], [LABEL]) VALUES (1, N'INCONNU')
SET IDENTITY_INSERT [gmap].[GMAP_STREET_NUMBER] OFF

---------------------------------------------------------------------------
--GMAP_SUBLOCALITY_LEVEL_1
---------------------------------------------------------------------------
SET IDENTITY_INSERT [gmap].[GMAP_SUBLOCALITY_LEVEL_1] ON 
INSERT [gmap].[GMAP_SUBLOCALITY_LEVEL_1] ([ID], [LABEL]) VALUES (1, N'INCONNU')
SET IDENTITY_INSERT [gmap].[GMAP_SUBLOCALITY_LEVEL_1] OFF

---------------------------------------------------------------------------
--GMAP_SUBLOCALITY_LEVEL_2
---------------------------------------------------------------------------
SET IDENTITY_INSERT [gmap].[GMAP_SUBLOCALITY_LEVEL_2] ON 
INSERT [gmap].[GMAP_SUBLOCALITY_LEVEL_2] ([ID], [LABEL]) VALUES (1, N'INCONNU')
SET IDENTITY_INSERT [gmap].[GMAP_SUBLOCALITY_LEVEL_2] OFF

---------------------------------------------------------------------------
--[gmap].GMAP_ADDRESS					(3 premières lignes)
---------------------------------------------------------------------------
SET IDENTITY_INSERT [gmap].[GMAP_ADDRESS] ON 
INSERT [gmap].[GMAP_ADDRESS] ([ID], [FORMATTED_ADDRESS], [LAT], [LNG], [ID_GMAP_ADMINISTRATIVE_AREA_LEVEL_1], [ID_GMAP_ADMINISTRATIVE_AREA_LEVEL_2], [ID_GMAP_COUNTRY], [ID_GMAP_LOCALITY], [ID_GMAP_NEIGHBORHOOD], [ID_GMAP_POSTAL_CODE], [ID_GMAP_ROUTE], [ID_GMAP_STREET_NUMBER], [ID_GMAP_SUBLOCALITY_LEVEL_1], [ID_GMAP_SUBLOCALITY_LEVEL_2]) VALUES (1, N'INCONNU', 0, 0, 1, 1, 1, 1, 1, 1, 1, 1, 1, 1)
INSERT [gmap].[GMAP_ADDRESS] ([ID], [FORMATTED_ADDRESS], [LAT], [LNG], [ID_GMAP_ADMINISTRATIVE_AREA_LEVEL_1], [ID_GMAP_ADMINISTRATIVE_AREA_LEVEL_2], [ID_GMAP_COUNTRY], [ID_GMAP_LOCALITY], [ID_GMAP_NEIGHBORHOOD], [ID_GMAP_POSTAL_CODE], [ID_GMAP_ROUTE], [ID_GMAP_STREET_NUMBER], [ID_GMAP_SUBLOCALITY_LEVEL_1], [ID_GMAP_SUBLOCALITY_LEVEL_2]) VALUES (2, N'N/A', 0, 0, 1, 1, 1, 1, 1, 1, 1, 1, 1, 1)
INSERT [gmap].[GMAP_ADDRESS] ([ID], [FORMATTED_ADDRESS], [LAT], [LNG], [ID_GMAP_ADMINISTRATIVE_AREA_LEVEL_1], [ID_GMAP_ADMINISTRATIVE_AREA_LEVEL_2], [ID_GMAP_COUNTRY], [ID_GMAP_LOCALITY], [ID_GMAP_NEIGHBORHOOD], [ID_GMAP_POSTAL_CODE], [ID_GMAP_ROUTE], [ID_GMAP_STREET_NUMBER], [ID_GMAP_SUBLOCALITY_LEVEL_1], [ID_GMAP_SUBLOCALITY_LEVEL_2]) VALUES (3, N'INTERNET', 0, 0, 1, 1, 1, 1, 1, 1, 1, 1, 1, 1)
SET IDENTITY_INSERT [gmap].[GMAP_ADDRESS] OFF

---------------------------------------------------------------------------
--[plan].[POSTE]
---------------------------------------------------------------------------
SET IDENTITY_INSERT [plan].[POSTE] ON 
INSERT [plan].[POSTE] ([ID], [LABEL]) VALUES (1, N'Recettes')
INSERT [plan].[POSTE] ([ID], [LABEL]) VALUES (2, N'Dépenses fixes')
INSERT [plan].[POSTE] ([ID], [LABEL]) VALUES (3, N'Dépenses variables')
SET IDENTITY_INSERT [plan].[POSTE] OFF

---------------------------------------------------------------------------
--[plan].[REFERENCE_TABLE]
---------------------------------------------------------------------------
SET IDENTITY_INSERT [plan].[REFERENCE_TABLE] ON 
INSERT [plan].[REFERENCE_TABLE] ([ID], [TABLE_NAME], [LABEL]) VALUES (1, N'OPERATION_TYPE_FAMILY', N'Catégorie opération')
INSERT [plan].[REFERENCE_TABLE] ([ID], [TABLE_NAME], [LABEL]) VALUES (2, N'OPERATION_TYPE', N'Type opération')
INSERT [plan].[REFERENCE_TABLE] ([ID], [TABLE_NAME], [LABEL]) VALUES (3, N'OPERATION', N'Opération')
SET IDENTITY_INSERT [plan].[REFERENCE_TABLE] OFF

---------------------------------------------------------------------------
--[ref].[ACCOUNT_TYPE]
---------------------------------------------------------------------------
SET IDENTITY_INSERT [ref].[ACCOUNT_TYPE] ON 
INSERT [ref].[ACCOUNT_TYPE] ([ID], [LABEL]) VALUES (1, N'INCONNU')
INSERT [ref].[ACCOUNT_TYPE] ([ID], [LABEL]) VALUES (2, N'COMPTE COURANT')
INSERT [ref].[ACCOUNT_TYPE] ([ID], [LABEL]) VALUES (3, N'EPARGNE')
SET IDENTITY_INSERT [ref].[ACCOUNT_TYPE] OFF

---------------------------------------------------------------------------
--[ref].[BANK_FAMILY]
---------------------------------------------------------------------------
SET IDENTITY_INSERT [ref].[BANK_FAMILY] ON 
INSERT [ref].[BANK_FAMILY] ([ID],[LABEL_SHORT],[LABEL_LONG],[LOGO_CLASS_NAME]) VALUES (1,'INC','INCONNU',NULL)
INSERT [ref].[BANK_FAMILY] ([ID],[LABEL_SHORT],[LABEL_LONG],[LOGO_CLASS_NAME]) VALUES (2,'BP','Banque Populaire','BP.svg')
INSERT [ref].[BANK_FAMILY] ([ID],[LABEL_SHORT],[LABEL_LONG],[LOGO_CLASS_NAME]) VALUES (3,'CA','Crédit Agricole','CA.svg')
SET IDENTITY_INSERT [ref].[BANK_FAMILY] OFF 

---------------------------------------------------------------------------
--[ref].[BANK_SUB_FAMILY]
---------------------------------------------------------------------------
SET IDENTITY_INSERT [ref].[BANK_SUB_FAMILY] ON 
INSERT [ref].[BANK_SUB_FAMILY] ([ID],[LABEL_SHORT],[LABEL_LONG],[LOGO_CLASS_NAME],[ID_BANK_FAMILY]) VALUES (1,'INC','INCONNU',NULL,1)
INSERT [ref].[BANK_SUB_FAMILY] ([ID],[LABEL_SHORT],[LABEL_LONG],[LOGO_CLASS_NAME],[ID_BANK_FAMILY]) VALUES (2,'BPVA','Banque Populaire Val De France',NULL,2)
INSERT [ref].[BANK_SUB_FAMILY] ([ID],[LABEL_SHORT],[LABEL_LONG],[LOGO_CLASS_NAME],[ID_BANK_FAMILY]) VALUES (3,'CAM','Crédit Agricole Du Morbihan',NULL,3)
SET IDENTITY_INSERT [ref].[BANK_SUB_FAMILY] OFF 

---------------------------------------------------------------------------
--[ref].[BANK_AGENCY]					
---------------------------------------------------------------------------
SET IDENTITY_INSERT [ref].[BANK_AGENCY] ON 
INSERT [ref].[BANK_AGENCY] ([ID], [LABEL], [ID_BANK_SUB_FAMILY], [ID_GMAP_ADDRESS]) VALUES (1, NULL, 1, 1)
INSERT [ref].[BANK_AGENCY] ([ID], [LABEL], [ID_BANK_SUB_FAMILY], [ID_GMAP_ADDRESS]) VALUES (2, 'Grand-Champ', 3, 1)
INSERT [ref].[BANK_AGENCY] ([ID], [LABEL], [ID_BANK_SUB_FAMILY], [ID_GMAP_ADDRESS]) VALUES (3, 'Palaiseau', 2, 1)
SET IDENTITY_INSERT [ref].[BANK_AGENCY] OFF

---------------------------------------------------------------------------
--[ref].[BANK_FILE_DEFINITION]
---------------------------------------------------------------------------
SET IDENTITY_INSERT [ref].[BANK_FILE_DEFINITION] ON 
INSERT [ref].[BANK_FILE_DEFINITION] ([ID], [ID_BANK_FAMILY], [LABEL_FIELD], [LABEL_ORDER]) VALUES (0, 2, N'Compte', 1)
INSERT [ref].[BANK_FILE_DEFINITION] ([ID], [ID_BANK_FAMILY], [LABEL_FIELD], [LABEL_ORDER]) VALUES (1, 2, N'Date de comptabilisation', 2)
INSERT [ref].[BANK_FILE_DEFINITION] ([ID], [ID_BANK_FAMILY], [LABEL_FIELD], [LABEL_ORDER]) VALUES (2, 2, N'Date opération', 3)
INSERT [ref].[BANK_FILE_DEFINITION] ([ID], [ID_BANK_FAMILY], [LABEL_FIELD], [LABEL_ORDER]) VALUES (3, 2, N'Libellé', 4)
INSERT [ref].[BANK_FILE_DEFINITION] ([ID], [ID_BANK_FAMILY], [LABEL_FIELD], [LABEL_ORDER]) VALUES (4, 2, N'Référence', 5)
INSERT [ref].[BANK_FILE_DEFINITION] ([ID], [ID_BANK_FAMILY], [LABEL_FIELD], [LABEL_ORDER]) VALUES (5, 2, N'Date valeur', 6)
INSERT [ref].[BANK_FILE_DEFINITION] ([ID], [ID_BANK_FAMILY], [LABEL_FIELD], [LABEL_ORDER]) VALUES (6, 2, N'Montant', 7)
INSERT [ref].[BANK_FILE_DEFINITION] ([ID], [ID_BANK_FAMILY], [LABEL_FIELD], [LABEL_ORDER]) VALUES (7, 3, N'Date', 1)
INSERT [ref].[BANK_FILE_DEFINITION] ([ID], [ID_BANK_FAMILY], [LABEL_FIELD], [LABEL_ORDER]) VALUES (8, 3, N'Libellé', 2)
INSERT [ref].[BANK_FILE_DEFINITION] ([ID], [ID_BANK_FAMILY], [LABEL_FIELD], [LABEL_ORDER]) VALUES (9, 3, N'Débit Euros', 3)
INSERT [ref].[BANK_FILE_DEFINITION] ([ID], [ID_BANK_FAMILY], [LABEL_FIELD], [LABEL_ORDER]) VALUES (10, 3, N'Crédit Euros', 4)
INSERT [ref].[BANK_FILE_DEFINITION] ([ID], [ID_BANK_FAMILY], [LABEL_FIELD], [LABEL_ORDER]) VALUES (11, 3, N'', 5)
SET IDENTITY_INSERT [ref].[BANK_FILE_DEFINITION] OFF

---------------------------------------------------------------------------
--[ref].[MOVEMENT]
---------------------------------------------------------------------------
SET IDENTITY_INSERT [ref].[MOVEMENT] ON 
INSERT [ref].[MOVEMENT] ([ID], [LABEL]) VALUES (1, 'Crédit')
INSERT [ref].[MOVEMENT] ([ID], [LABEL]) VALUES (2, 'Débit')
INSERT [ref].[MOVEMENT] ([ID], [LABEL]) VALUES (3, 'Crédit/Débit')
SET IDENTITY_INSERT [ref].[MOVEMENT] OFF

---------------------------------------------------------------------------
--[ref].[ACCOUNT]						
---------------------------------------------------------------------------
SET IDENTITY_INSERT [ref].[ACCOUNT] ON 
INSERT [ref].[ACCOUNT] ([ID], [NUMBER], [LABEL], [ID_BANK_AGENCY], [START_AMOUNT], [ID_ACCOUNT_TYPE], [ALERT_THRESHOLD]) VALUES (1, N'Inconnu', N'INCONNU', 1, 0, 2, 0)
INSERT [ref].[ACCOUNT] ([ID], [NUMBER], [LABEL], [ID_BANK_AGENCY], [START_AMOUNT], [ID_ACCOUNT_TYPE], [ALERT_THRESHOLD]) VALUES (2, N'30919688066', N'Compte courant', 3, 1713.27, 2, 200)
INSERT [ref].[ACCOUNT] ([ID], [NUMBER], [LABEL], [ID_BANK_AGENCY], [START_AMOUNT], [ID_ACCOUNT_TYPE], [ALERT_THRESHOLD]) VALUES (3, N'93769601110', N'Compte courant', 2, 0, 2, 200)
INSERT [ref].[ACCOUNT] ([ID], [NUMBER], [LABEL], [ID_BANK_AGENCY], [START_AMOUNT], [ID_ACCOUNT_TYPE], [ALERT_THRESHOLD]) VALUES (4, N'30919688017', N'Compte commun', 3, 166.89, 2, 50)
INSERT [ref].[ACCOUNT] ([ID], [NUMBER], [LABEL], [ID_BANK_AGENCY], [START_AMOUNT], [ID_ACCOUNT_TYPE], [ALERT_THRESHOLD]) VALUES (5, N'31097427467', N'Livret A', 3, 6233.1, 3, 200)
INSERT [ref].[ACCOUNT] ([ID], [NUMBER], [LABEL], [ID_BANK_AGENCY], [START_AMOUNT], [ID_ACCOUNT_TYPE], [ALERT_THRESHOLD]) VALUES (6, N'Sandra', N'Compte courant', 3, 0, 2, 0)
SET IDENTITY_INSERT [ref].[ACCOUNT] OFF

---------------------------------------------------------------------------
--[ref].[OPERATION_METHOD]			(autoIncrement à revoir)
---------------------------------------------------------------------------
SET IDENTITY_INSERT [ref].[OPERATION_METHOD] ON 
INSERT [ref].[OPERATION_METHOD] ([ID], [LABEL]) VALUES (1, N'Inconnue')
INSERT [ref].[OPERATION_METHOD] ([ID], [LABEL]) VALUES (2, N'Paiement Carte bancaire')
INSERT [ref].[OPERATION_METHOD] ([ID], [LABEL]) VALUES (3, N'Cotisation')
INSERT [ref].[OPERATION_METHOD] ([ID], [LABEL]) VALUES (4, N'Virement')
INSERT [ref].[OPERATION_METHOD] ([ID], [LABEL]) VALUES (5, N'Remise chèque')
INSERT [ref].[OPERATION_METHOD] ([ID], [LABEL]) VALUES (6, N'Prélèvement')
INSERT [ref].[OPERATION_METHOD] ([ID], [LABEL]) VALUES (7, N'Frais')
INSERT [ref].[OPERATION_METHOD] ([ID], [LABEL]) VALUES (8, N'Retrait carte bancaire')
INSERT [ref].[OPERATION_METHOD] ([ID], [LABEL]) VALUES (9, N'Emission chèque')
INSERT [ref].[OPERATION_METHOD] ([ID], [LABEL]) VALUES (10, N'Avoir')
INSERT [ref].[OPERATION_METHOD] ([ID], [LABEL]) VALUES (11, N'Interet')
INSERT [ref].[OPERATION_METHOD] ([ID], [LABEL]) VALUES (12, N'Remboursement')
INSERT [ref].[OPERATION_METHOD] ([ID], [LABEL]) VALUES (13, N'Annulation carte bancaire')
SET IDENTITY_INSERT [ref].[OPERATION_METHOD] OFF

---------------------------------------------------------------------------
--[ref].[OPERATION_METHOD_LEXICAL]	(autoIncrement à revoir)
---------------------------------------------------------------------------
SET IDENTITY_INSERT [ref].[OPERATION_METHOD_LEXICAL] ON 
INSERT [ref].[OPERATION_METHOD_LEXICAL] ([ID], [ID_BANK_FAMILY], [ID_OPERATION_METHOD], [KEYWORD], [ORDER_ID]) VALUES (1, 2, 2, N'CB****', 2)
INSERT [ref].[OPERATION_METHOD_LEXICAL] ([ID], [ID_BANK_FAMILY], [ID_OPERATION_METHOD], [KEYWORD], [ORDER_ID]) VALUES (2, 2, 3, N'COTISATION', 4)
INSERT [ref].[OPERATION_METHOD_LEXICAL] ([ID], [ID_BANK_FAMILY], [ID_OPERATION_METHOD], [KEYWORD], [ORDER_ID]) VALUES (3, 2, 4, N'VIREMENT', 5)
INSERT [ref].[OPERATION_METHOD_LEXICAL] ([ID], [ID_BANK_FAMILY], [ID_OPERATION_METHOD], [KEYWORD], [ORDER_ID]) VALUES (4, 2, 6, N'PRLVSEPA', 7)
INSERT [ref].[OPERATION_METHOD_LEXICAL] ([ID], [ID_BANK_FAMILY], [ID_OPERATION_METHOD], [KEYWORD], [ORDER_ID]) VALUES (5, 2, 7, N'FRAIS', 3)
INSERT [ref].[OPERATION_METHOD_LEXICAL] ([ID], [ID_BANK_FAMILY], [ID_OPERATION_METHOD], [KEYWORD], [ORDER_ID]) VALUES (6, 2, 5, N'REMCHQ', 5)
INSERT [ref].[OPERATION_METHOD_LEXICAL] ([ID], [ID_BANK_FAMILY], [ID_OPERATION_METHOD], [KEYWORD], [ORDER_ID]) VALUES (7, 2, 4, N'VIR', 6)
INSERT [ref].[OPERATION_METHOD_LEXICAL] ([ID], [ID_BANK_FAMILY], [ID_OPERATION_METHOD], [KEYWORD], [ORDER_ID]) VALUES (8, 2, 8, N'RETRAITDU', 1)
INSERT [ref].[OPERATION_METHOD_LEXICAL] ([ID], [ID_BANK_FAMILY], [ID_OPERATION_METHOD], [KEYWORD], [ORDER_ID]) VALUES (9, 2, 1, N'--FAKE_KEYWORD--', 0)
INSERT [ref].[OPERATION_METHOD_LEXICAL] ([ID], [ID_BANK_FAMILY], [ID_OPERATION_METHOD], [KEYWORD], [ORDER_ID]) VALUES (10, 2, 6, N'ECHEANCEPRET', 8)
INSERT [ref].[OPERATION_METHOD_LEXICAL] ([ID], [ID_BANK_FAMILY], [ID_OPERATION_METHOD], [KEYWORD], [ORDER_ID]) VALUES (11, 2, 7, N'INTERETSDEBIT', 9)
INSERT [ref].[OPERATION_METHOD_LEXICAL] ([ID], [ID_BANK_FAMILY], [ID_OPERATION_METHOD], [KEYWORD], [ORDER_ID]) VALUES (12, 2, 9, N'CHEQUE', 10)
INSERT [ref].[OPERATION_METHOD_LEXICAL] ([ID], [ID_BANK_FAMILY], [ID_OPERATION_METHOD], [KEYWORD], [ORDER_ID]) VALUES (13, 2, 3, N'RBSMTCOTISAFFINEA', 11)
INSERT [ref].[OPERATION_METHOD_LEXICAL] ([ID], [ID_BANK_FAMILY], [ID_OPERATION_METHOD], [KEYWORD], [ORDER_ID]) VALUES (14, 3, 4, N'VIREMENTENVOTREFAVEUR', 1)
INSERT [ref].[OPERATION_METHOD_LEXICAL] ([ID], [ID_BANK_FAMILY], [ID_OPERATION_METHOD], [KEYWORD], [ORDER_ID]) VALUES (15, 3, 2, N'PAIEMENTPARCARTE', 2)
INSERT [ref].[OPERATION_METHOD_LEXICAL] ([ID], [ID_BANK_FAMILY], [ID_OPERATION_METHOD], [KEYWORD], [ORDER_ID]) VALUES (16, 3, 6, N'PRELEVMNT', 3)
INSERT [ref].[OPERATION_METHOD_LEXICAL] ([ID], [ID_BANK_FAMILY], [ID_OPERATION_METHOD], [KEYWORD], [ORDER_ID]) VALUES (17, 3, 3, N'MENSUELCOTISATION', 4)
INSERT [ref].[OPERATION_METHOD_LEXICAL] ([ID], [ID_BANK_FAMILY], [ID_OPERATION_METHOD], [KEYWORD], [ORDER_ID]) VALUES (18, 3, 8, N'RETRAITAUDISTRIBUTEUR', 5)
INSERT [ref].[OPERATION_METHOD_LEXICAL] ([ID], [ID_BANK_FAMILY], [ID_OPERATION_METHOD], [KEYWORD], [ORDER_ID]) VALUES (19, 3, 10, N'AVOIR', 6)
INSERT [ref].[OPERATION_METHOD_LEXICAL] ([ID], [ID_BANK_FAMILY], [ID_OPERATION_METHOD], [KEYWORD], [ORDER_ID]) VALUES (20, 2, 8, N'CARTE', 2)
INSERT [ref].[OPERATION_METHOD_LEXICAL] ([ID], [ID_BANK_FAMILY], [ID_OPERATION_METHOD], [KEYWORD], [ORDER_ID]) VALUES (21, 2, 7, N'COMMISSIONFACTURETTE', 12)
INSERT [ref].[OPERATION_METHOD_LEXICAL] ([ID], [ID_BANK_FAMILY], [ID_OPERATION_METHOD], [KEYWORD], [ORDER_ID]) VALUES (22, 2, 7, N'COMMISSIONINTERVENTION', 13)
INSERT [ref].[OPERATION_METHOD_LEXICAL] ([ID], [ID_BANK_FAMILY], [ID_OPERATION_METHOD], [KEYWORD], [ORDER_ID]) VALUES (23, 2, 11, N'INTPARTSSOC', 1)
INSERT [ref].[OPERATION_METHOD_LEXICAL] ([ID], [ID_BANK_FAMILY], [ID_OPERATION_METHOD], [KEYWORD], [ORDER_ID]) VALUES (24, 2, 7, N'PRELEVSOCIAUXINTPART', 1)
INSERT [ref].[OPERATION_METHOD_LEXICAL] ([ID], [ID_BANK_FAMILY], [ID_OPERATION_METHOD], [KEYWORD], [ORDER_ID]) VALUES (25, 2, 7, N'ACOMPTEIMPOTINTPART', 1)
INSERT [ref].[OPERATION_METHOD_LEXICAL] ([ID], [ID_BANK_FAMILY], [ID_OPERATION_METHOD], [KEYWORD], [ORDER_ID]) VALUES (26, 3, 11,N'INTERETSCREDITEURS',	1)
INSERT [ref].[OPERATION_METHOD_LEXICAL] ([ID], [ID_BANK_FAMILY], [ID_OPERATION_METHOD], [KEYWORD], [ORDER_ID]) VALUES (27, 2, 12,N'RETROREMBTCOMMISSION',	1)
INSERT [ref].[OPERATION_METHOD_LEXICAL] ([ID], [ID_BANK_FAMILY], [ID_OPERATION_METHOD], [KEYWORD], [ORDER_ID]) VALUES (28, 2, 13,N'ANNUL',	1)
SET IDENTITY_INSERT [ref].[OPERATION_METHOD_LEXICAL] OFF

---------------------------------------------------------------------------
--[ref].[OPERATION_TYPE_FAMILY]		
---------------------------------------------------------------------------
SET IDENTITY_INSERT [ref].[OPERATION_TYPE_FAMILY] ON 
INSERT [ref].[OPERATION_TYPE_FAMILY] ([ID], [LABEL], [ID_MOVEMENT], [LOGO_CLASS_NAME],[IS_MANDATORY],[ID_USER_GROUP]) VALUES (1, N'INCONNU', 3, N'OtfInconnu',1,1)
INSERT [ref].[OPERATION_TYPE_FAMILY] ([ID], [LABEL], [ID_MOVEMENT], [LOGO_CLASS_NAME],[IS_MANDATORY],[ID_USER_GROUP]) VALUES (2, N'Autres revenus', 1, N'OtfInconnu',0,1)
INSERT [ref].[OPERATION_TYPE_FAMILY] ([ID], [LABEL], [ID_MOVEMENT], [LOGO_CLASS_NAME],[IS_MANDATORY],[ID_USER_GROUP]) VALUES (3, N'Placements', 1, N'OtfPlacement',0,1)
INSERT [ref].[OPERATION_TYPE_FAMILY] ([ID], [LABEL], [ID_MOVEMENT], [LOGO_CLASS_NAME],[IS_MANDATORY],[ID_USER_GROUP]) VALUES (4, N'Traitements et salaires', 1, N'OtfSalaire',0,1)
INSERT [ref].[OPERATION_TYPE_FAMILY] ([ID], [LABEL], [ID_MOVEMENT], [LOGO_CLASS_NAME],[IS_MANDATORY],[ID_USER_GROUP]) VALUES (5, N'Retraite', 1, N'OtfRetraite',0,1)
INSERT [ref].[OPERATION_TYPE_FAMILY] ([ID], [LABEL], [ID_MOVEMENT], [LOGO_CLASS_NAME],[IS_MANDATORY],[ID_USER_GROUP]) VALUES (6, N'Virement interne', 3, N'OtfVirement',1,1)
INSERT [ref].[OPERATION_TYPE_FAMILY] ([ID], [LABEL], [ID_MOVEMENT], [LOGO_CLASS_NAME],[IS_MANDATORY],[ID_USER_GROUP]) VALUES (7, N'Abonnement/Factures', 2, N'OtfFacture',0,1)
INSERT [ref].[OPERATION_TYPE_FAMILY] ([ID], [LABEL], [ID_MOVEMENT], [LOGO_CLASS_NAME],[IS_MANDATORY],[ID_USER_GROUP]) VALUES (8, N'Alimentation', 2, N'OtfAlimentation',0,1)
INSERT [ref].[OPERATION_TYPE_FAMILY] ([ID], [LABEL], [ID_MOVEMENT], [LOGO_CLASS_NAME],[IS_MANDATORY],[ID_USER_GROUP]) VALUES (9, N'Animaux domestiques', 2, N'OtfAnimaux',0,1)
INSERT [ref].[OPERATION_TYPE_FAMILY] ([ID], [LABEL], [ID_MOVEMENT], [LOGO_CLASS_NAME],[IS_MANDATORY],[ID_USER_GROUP]) VALUES (10, N'Voiture', 2, N'OtfVoiture',0,1)
INSERT [ref].[OPERATION_TYPE_FAMILY] ([ID], [LABEL], [ID_MOVEMENT], [LOGO_CLASS_NAME],[IS_MANDATORY],[ID_USER_GROUP]) VALUES (11, N'Retrait d espèces', 2, N'OtfInconnu',0,1)
INSERT [ref].[OPERATION_TYPE_FAMILY] ([ID], [LABEL], [ID_MOVEMENT], [LOGO_CLASS_NAME],[IS_MANDATORY],[ID_USER_GROUP]) VALUES (12, N'Epargne', 2, N'OtfEpargne',0,1)
INSERT [ref].[OPERATION_TYPE_FAMILY] ([ID], [LABEL], [ID_MOVEMENT], [LOGO_CLASS_NAME],[IS_MANDATORY],[ID_USER_GROUP]) VALUES (13, N'Equipement du logement', 2, N'OtfEquipementLogement',0,1)
INSERT [ref].[OPERATION_TYPE_FAMILY] ([ID], [LABEL], [ID_MOVEMENT], [LOGO_CLASS_NAME],[IS_MANDATORY],[ID_USER_GROUP]) VALUES (14, N'Frais bancaires', 3, N'OtfFraisBancaire',0,1)
INSERT [ref].[OPERATION_TYPE_FAMILY] ([ID], [LABEL], [ID_MOVEMENT], [LOGO_CLASS_NAME],[IS_MANDATORY],[ID_USER_GROUP]) VALUES (15, N'Frais professionnels', 2, N'OtfFraisProfessionnel',0,1)
INSERT [ref].[OPERATION_TYPE_FAMILY] ([ID], [LABEL], [ID_MOVEMENT], [LOGO_CLASS_NAME],[IS_MANDATORY],[ID_USER_GROUP]) VALUES (16, N'Habillement', 2, N'OtfHabillement',0,1)
INSERT [ref].[OPERATION_TYPE_FAMILY] ([ID], [LABEL], [ID_MOVEMENT], [LOGO_CLASS_NAME],[IS_MANDATORY],[ID_USER_GROUP]) VALUES (17, N'Impots', 2, N'OtfImpots',0,1)
INSERT [ref].[OPERATION_TYPE_FAMILY] ([ID], [LABEL], [ID_MOVEMENT], [LOGO_CLASS_NAME],[IS_MANDATORY],[ID_USER_GROUP]) VALUES (18, N'Loisirs', 2, N'OtfLoisirs',0,1)
INSERT [ref].[OPERATION_TYPE_FAMILY] ([ID], [LABEL], [ID_MOVEMENT], [LOGO_CLASS_NAME],[IS_MANDATORY],[ID_USER_GROUP]) VALUES (19, N'Santé', 2, N'OtfSante',0,1)
INSERT [ref].[OPERATION_TYPE_FAMILY] ([ID], [LABEL], [ID_MOVEMENT], [LOGO_CLASS_NAME],[IS_MANDATORY],[ID_USER_GROUP]) VALUES (20, N'Soins de la personne', 2, N'OtfSoinDeLaPersonne',0,1)
INSERT [ref].[OPERATION_TYPE_FAMILY] ([ID], [LABEL], [ID_MOVEMENT], [LOGO_CLASS_NAME],[IS_MANDATORY],[ID_USER_GROUP]) VALUES (21, N'Transports en commun', 2, N'OtfInconnu',0,1)
INSERT [ref].[OPERATION_TYPE_FAMILY] ([ID], [LABEL], [ID_MOVEMENT], [LOGO_CLASS_NAME],[IS_MANDATORY],[ID_USER_GROUP]) VALUES (22, N'Vacances', 2, N'OtfVacances',0,1)
INSERT [ref].[OPERATION_TYPE_FAMILY] ([ID], [LABEL], [ID_MOVEMENT], [LOGO_CLASS_NAME],[IS_MANDATORY],[ID_USER_GROUP]) VALUES (23, N'Dons et cadeaux', 2, N'OtfInconnu',0,1)
INSERT [ref].[OPERATION_TYPE_FAMILY] ([ID], [LABEL], [ID_MOVEMENT], [LOGO_CLASS_NAME],[IS_MANDATORY],[ID_USER_GROUP]) VALUES (24, N'Vie quotidienne', 2, N'OtfInconnu',0,1)
INSERT [ref].[OPERATION_TYPE_FAMILY] ([ID], [LABEL], [ID_MOVEMENT], [LOGO_CLASS_NAME],[IS_MANDATORY],[ID_USER_GROUP]) VALUES (25, N'Habitation', 2, N'OtfInconnu',0,1)
SET IDENTITY_INSERT [ref].[OPERATION_TYPE_FAMILY] OFF

---------------------------------------------------------------------------
--[ref].[OPERATION_TYPE]				
---------------------------------------------------------------------------
SET IDENTITY_INSERT [ref].[OPERATION_TYPE] ON 
INSERT [ref].[OPERATION_TYPE] ([ID], [LABEL], [ID_OPERATION_TYPE_FAMILY],[IS_MANDATORY],[ID_USER_GROUP]) VALUES (1, N'INCONNU', 1,1,1)
INSERT [ref].[OPERATION_TYPE] ([ID], [LABEL], [ID_OPERATION_TYPE_FAMILY],[IS_MANDATORY],[ID_USER_GROUP]) VALUES (2, N'Accident du travail', 2,0,1)
INSERT [ref].[OPERATION_TYPE] ([ID], [LABEL], [ID_OPERATION_TYPE_FAMILY],[IS_MANDATORY],[ID_USER_GROUP]) VALUES (3, N'Allocation de chomage', 2,0,1)
INSERT [ref].[OPERATION_TYPE] ([ID], [LABEL], [ID_OPERATION_TYPE_FAMILY],[IS_MANDATORY],[ID_USER_GROUP]) VALUES (4, N'Capital de pret recu', 2,0,1)
INSERT [ref].[OPERATION_TYPE] ([ID], [LABEL], [ID_OPERATION_TYPE_FAMILY],[IS_MANDATORY],[ID_USER_GROUP]) VALUES (5, N'complementaire santé', 2,0,1)
INSERT [ref].[OPERATION_TYPE] ([ID], [LABEL], [ID_OPERATION_TYPE_FAMILY],[IS_MANDATORY],[ID_USER_GROUP]) VALUES (6, N'crédits impot', 2,0,1)
INSERT [ref].[OPERATION_TYPE] ([ID], [LABEL], [ID_OPERATION_TYPE_FAMILY],[IS_MANDATORY],[ID_USER_GROUP]) VALUES (7, N'Divers', 2,0,1)
INSERT [ref].[OPERATION_TYPE] ([ID], [LABEL], [ID_OPERATION_TYPE_FAMILY],[IS_MANDATORY],[ID_USER_GROUP]) VALUES (8, N'Dons et cadeaux', 2,0,1)
INSERT [ref].[OPERATION_TYPE] ([ID], [LABEL], [ID_OPERATION_TYPE_FAMILY],[IS_MANDATORY],[ID_USER_GROUP]) VALUES (9, N'Heritage', 2,0,1)
INSERT [ref].[OPERATION_TYPE] ([ID], [LABEL], [ID_OPERATION_TYPE_FAMILY],[IS_MANDATORY],[ID_USER_GROUP]) VALUES (10, N'Jeux', 2,0,1)
INSERT [ref].[OPERATION_TYPE] ([ID], [LABEL], [ID_OPERATION_TYPE_FAMILY],[IS_MANDATORY],[ID_USER_GROUP]) VALUES (11, N'Options d achats d actions', 2,0,1)
INSERT [ref].[OPERATION_TYPE] ([ID], [LABEL], [ID_OPERATION_TYPE_FAMILY],[IS_MANDATORY],[ID_USER_GROUP]) VALUES (12, N'Securité sociale', 2,0,1)
INSERT [ref].[OPERATION_TYPE] ([ID], [LABEL], [ID_OPERATION_TYPE_FAMILY],[IS_MANDATORY],[ID_USER_GROUP]) VALUES (13, N'Dividendes', 3,0,1)
INSERT [ref].[OPERATION_TYPE] ([ID], [LABEL], [ID_OPERATION_TYPE_FAMILY],[IS_MANDATORY],[ID_USER_GROUP]) VALUES (14, N'Interet', 3,0,1)
INSERT [ref].[OPERATION_TYPE] ([ID], [LABEL], [ID_OPERATION_TYPE_FAMILY],[IS_MANDATORY],[ID_USER_GROUP]) VALUES (15, N'Plus-values', 3,0,1)
INSERT [ref].[OPERATION_TYPE] ([ID], [LABEL], [ID_OPERATION_TYPE_FAMILY],[IS_MANDATORY],[ID_USER_GROUP]) VALUES (16, N'Plus values immobilières', 3,0,1)
INSERT [ref].[OPERATION_TYPE] ([ID], [LABEL], [ID_OPERATION_TYPE_FAMILY],[IS_MANDATORY],[ID_USER_GROUP]) VALUES (17, N'Revenus locatifs', 3,0,1)
INSERT [ref].[OPERATION_TYPE] ([ID], [LABEL], [ID_OPERATION_TYPE_FAMILY],[IS_MANDATORY],[ID_USER_GROUP]) VALUES (18, N'Commissions', 4,0,1)
INSERT [ref].[OPERATION_TYPE] ([ID], [LABEL], [ID_OPERATION_TYPE_FAMILY],[IS_MANDATORY],[ID_USER_GROUP]) VALUES (19, N'Contributions employeur', 4,0,1)
INSERT [ref].[OPERATION_TYPE] ([ID], [LABEL], [ID_OPERATION_TYPE_FAMILY],[IS_MANDATORY],[ID_USER_GROUP]) VALUES (20, N'Heures supplémentaires', 4,0,1)
INSERT [ref].[OPERATION_TYPE] ([ID], [LABEL], [ID_OPERATION_TYPE_FAMILY],[IS_MANDATORY],[ID_USER_GROUP]) VALUES (21, N'Primes diverse', 4,0,1)
INSERT [ref].[OPERATION_TYPE] ([ID], [LABEL], [ID_OPERATION_TYPE_FAMILY],[IS_MANDATORY],[ID_USER_GROUP]) VALUES (22, N'Primes résultat', 4,0,1)
INSERT [ref].[OPERATION_TYPE] ([ID], [LABEL], [ID_OPERATION_TYPE_FAMILY],[IS_MANDATORY],[ID_USER_GROUP]) VALUES (23, N'Salaire net', 4,0,1)
INSERT [ref].[OPERATION_TYPE] ([ID], [LABEL], [ID_OPERATION_TYPE_FAMILY],[IS_MANDATORY],[ID_USER_GROUP]) VALUES (24, N'Commissions', 5,0,1)
INSERT [ref].[OPERATION_TYPE] ([ID], [LABEL], [ID_OPERATION_TYPE_FAMILY],[IS_MANDATORY],[ID_USER_GROUP]) VALUES (25, N'Pensions', 5,0,1)
INSERT [ref].[OPERATION_TYPE] ([ID], [LABEL], [ID_OPERATION_TYPE_FAMILY],[IS_MANDATORY],[ID_USER_GROUP]) VALUES (26, N'Régime général', 5,0,1)
INSERT [ref].[OPERATION_TYPE] ([ID], [LABEL], [ID_OPERATION_TYPE_FAMILY],[IS_MANDATORY],[ID_USER_GROUP]) VALUES (27, N'Retraite complémentaire', 5,0,1)
INSERT [ref].[OPERATION_TYPE] ([ID], [LABEL], [ID_OPERATION_TYPE_FAMILY],[IS_MANDATORY],[ID_USER_GROUP]) VALUES (28, N'Virement interne', 6,1,1)
INSERT [ref].[OPERATION_TYPE] ([ID], [LABEL], [ID_OPERATION_TYPE_FAMILY],[IS_MANDATORY],[ID_USER_GROUP]) VALUES (29, N'Assurance habitation', 7,0,1)
INSERT [ref].[OPERATION_TYPE] ([ID], [LABEL], [ID_OPERATION_TYPE_FAMILY],[IS_MANDATORY],[ID_USER_GROUP]) VALUES (30, N'Charges', 7,0,1)
INSERT [ref].[OPERATION_TYPE] ([ID], [LABEL], [ID_OPERATION_TYPE_FAMILY],[IS_MANDATORY],[ID_USER_GROUP]) VALUES (31, N'chauffage', 7,0,1)
INSERT [ref].[OPERATION_TYPE] ([ID], [LABEL], [ID_OPERATION_TYPE_FAMILY],[IS_MANDATORY],[ID_USER_GROUP]) VALUES (32, N'eau', 7,0,1)
INSERT [ref].[OPERATION_TYPE] ([ID], [LABEL], [ID_OPERATION_TYPE_FAMILY],[IS_MANDATORY],[ID_USER_GROUP]) VALUES (33, N'Electricité', 7,0,1)
INSERT [ref].[OPERATION_TYPE] ([ID], [LABEL], [ID_OPERATION_TYPE_FAMILY],[IS_MANDATORY],[ID_USER_GROUP]) VALUES (34, N'Internet', 7,0,1)
INSERT [ref].[OPERATION_TYPE] ([ID], [LABEL], [ID_OPERATION_TYPE_FAMILY],[IS_MANDATORY],[ID_USER_GROUP]) VALUES (35, N'Loyer', 7,0,1)
INSERT [ref].[OPERATION_TYPE] ([ID], [LABEL], [ID_OPERATION_TYPE_FAMILY],[IS_MANDATORY],[ID_USER_GROUP]) VALUES (36, N'Ménage', 7,0,1)
INSERT [ref].[OPERATION_TYPE] ([ID], [LABEL], [ID_OPERATION_TYPE_FAMILY],[IS_MANDATORY],[ID_USER_GROUP]) VALUES (37, N'Portable', 7,0,1)
INSERT [ref].[OPERATION_TYPE] ([ID], [LABEL], [ID_OPERATION_TYPE_FAMILY],[IS_MANDATORY],[ID_USER_GROUP]) VALUES (38, N'Remboursement crédit conso', 7,0,1)
INSERT [ref].[OPERATION_TYPE] ([ID], [LABEL], [ID_OPERATION_TYPE_FAMILY],[IS_MANDATORY],[ID_USER_GROUP]) VALUES (39, N'Remboursement prêt immobilier', 7,0,1)
INSERT [ref].[OPERATION_TYPE] ([ID], [LABEL], [ID_OPERATION_TYPE_FAMILY],[IS_MANDATORY],[ID_USER_GROUP]) VALUES (40, N'Service d entretien', 7,0,1)
INSERT [ref].[OPERATION_TYPE] ([ID], [LABEL], [ID_OPERATION_TYPE_FAMILY],[IS_MANDATORY],[ID_USER_GROUP]) VALUES (41, N'Téléphone', 7,0,1)
INSERT [ref].[OPERATION_TYPE] ([ID], [LABEL], [ID_OPERATION_TYPE_FAMILY],[IS_MANDATORY],[ID_USER_GROUP]) VALUES (42, N'TV/cable', 7,0,1)
INSERT [ref].[OPERATION_TYPE] ([ID], [LABEL], [ID_OPERATION_TYPE_FAMILY],[IS_MANDATORY],[ID_USER_GROUP]) VALUES (43, N'Supermarché', 8,0,1)
INSERT [ref].[OPERATION_TYPE] ([ID], [LABEL], [ID_OPERATION_TYPE_FAMILY],[IS_MANDATORY],[ID_USER_GROUP]) VALUES (45, N'Alimentation', 9,0,1)
INSERT [ref].[OPERATION_TYPE] ([ID], [LABEL], [ID_OPERATION_TYPE_FAMILY],[IS_MANDATORY],[ID_USER_GROUP]) VALUES (46, N'Fournitures diverses', 9,0,1)
INSERT [ref].[OPERATION_TYPE] ([ID], [LABEL], [ID_OPERATION_TYPE_FAMILY],[IS_MANDATORY],[ID_USER_GROUP]) VALUES (47, N'Frais de garde', 9,0,1)
INSERT [ref].[OPERATION_TYPE] ([ID], [LABEL], [ID_OPERATION_TYPE_FAMILY],[IS_MANDATORY],[ID_USER_GROUP]) VALUES (48, N'Vétérinaire', 9,0,1)
INSERT [ref].[OPERATION_TYPE] ([ID], [LABEL], [ID_OPERATION_TYPE_FAMILY],[IS_MANDATORY],[ID_USER_GROUP]) VALUES (50, N'Accessoires', 10,0,1)
INSERT [ref].[OPERATION_TYPE] ([ID], [LABEL], [ID_OPERATION_TYPE_FAMILY],[IS_MANDATORY],[ID_USER_GROUP]) VALUES (51, N'Assurance', 10,0,1)
INSERT [ref].[OPERATION_TYPE] ([ID], [LABEL], [ID_OPERATION_TYPE_FAMILY],[IS_MANDATORY],[ID_USER_GROUP]) VALUES (52, N'Carburant', 10,0,1)
INSERT [ref].[OPERATION_TYPE] ([ID], [LABEL], [ID_OPERATION_TYPE_FAMILY],[IS_MANDATORY],[ID_USER_GROUP]) VALUES (53, N'Entretiens/Réparations', 10,0,1)
INSERT [ref].[OPERATION_TYPE] ([ID], [LABEL], [ID_OPERATION_TYPE_FAMILY],[IS_MANDATORY],[ID_USER_GROUP]) VALUES (54, N'Parking/Peage', 10,0,1)
INSERT [ref].[OPERATION_TYPE] ([ID], [LABEL], [ID_OPERATION_TYPE_FAMILY],[IS_MANDATORY],[ID_USER_GROUP]) VALUES (55, N'Remboursement pret Auto', 10,0,1)
INSERT [ref].[OPERATION_TYPE] ([ID], [LABEL], [ID_OPERATION_TYPE_FAMILY],[IS_MANDATORY],[ID_USER_GROUP]) VALUES (56, N'Retraits d espèces', 11,0,1)
INSERT [ref].[OPERATION_TYPE] ([ID], [LABEL], [ID_OPERATION_TYPE_FAMILY],[IS_MANDATORY],[ID_USER_GROUP]) VALUES (57, N'Assurance vie', 12,0,1)
INSERT [ref].[OPERATION_TYPE] ([ID], [LABEL], [ID_OPERATION_TYPE_FAMILY],[IS_MANDATORY],[ID_USER_GROUP]) VALUES (58, N'Livrets/divers', 12,0,1)
INSERT [ref].[OPERATION_TYPE] ([ID], [LABEL], [ID_OPERATION_TYPE_FAMILY],[IS_MANDATORY],[ID_USER_GROUP]) VALUES (59, N'Ameublement', 13,0,1)
INSERT [ref].[OPERATION_TYPE] ([ID], [LABEL], [ID_OPERATION_TYPE_FAMILY],[IS_MANDATORY],[ID_USER_GROUP]) VALUES (60, N'Bricolage/outils', 13,0,1)
INSERT [ref].[OPERATION_TYPE] ([ID], [LABEL], [ID_OPERATION_TYPE_FAMILY],[IS_MANDATORY],[ID_USER_GROUP]) VALUES (61, N'Electromenager', 13,0,1)
INSERT [ref].[OPERATION_TYPE] ([ID], [LABEL], [ID_OPERATION_TYPE_FAMILY],[IS_MANDATORY],[ID_USER_GROUP]) VALUES (62, N'High-tech', 13,0,1)
INSERT [ref].[OPERATION_TYPE] ([ID], [LABEL], [ID_OPERATION_TYPE_FAMILY],[IS_MANDATORY],[ID_USER_GROUP]) VALUES (63, N'Jardinage', 13,0,1)
INSERT [ref].[OPERATION_TYPE] ([ID], [LABEL], [ID_OPERATION_TYPE_FAMILY],[IS_MANDATORY],[ID_USER_GROUP]) VALUES (64, N'Ordinateurs et accessoires', 13,0,1)
INSERT [ref].[OPERATION_TYPE] ([ID], [LABEL], [ID_OPERATION_TYPE_FAMILY],[IS_MANDATORY],[ID_USER_GROUP]) VALUES (65, N'Remboursement credit equipement', 13,0,1)
INSERT [ref].[OPERATION_TYPE] ([ID], [LABEL], [ID_OPERATION_TYPE_FAMILY],[IS_MANDATORY],[ID_USER_GROUP]) VALUES (66, N'Travaux/decoration', 13,0,1)
INSERT [ref].[OPERATION_TYPE] ([ID], [LABEL], [ID_OPERATION_TYPE_FAMILY],[IS_MANDATORY],[ID_USER_GROUP]) VALUES (67, N'Carte de paiement/de credit', 14,0,1)
INSERT [ref].[OPERATION_TYPE] ([ID], [LABEL], [ID_OPERATION_TYPE_FAMILY],[IS_MANDATORY],[ID_USER_GROUP]) VALUES (68, N'Frais divers', 14,0,1)
INSERT [ref].[OPERATION_TYPE] ([ID], [LABEL], [ID_OPERATION_TYPE_FAMILY],[IS_MANDATORY],[ID_USER_GROUP]) VALUES (69, N'intérets versés', 14,0,1)
INSERT [ref].[OPERATION_TYPE] ([ID], [LABEL], [ID_OPERATION_TYPE_FAMILY],[IS_MANDATORY],[ID_USER_GROUP]) VALUES (70, N'Services/abonnement', 14,0,1)
INSERT [ref].[OPERATION_TYPE] ([ID], [LABEL], [ID_OPERATION_TYPE_FAMILY],[IS_MANDATORY],[ID_USER_GROUP]) VALUES (71, N'Achats', 15,0,1)
INSERT [ref].[OPERATION_TYPE] ([ID], [LABEL], [ID_OPERATION_TYPE_FAMILY],[IS_MANDATORY],[ID_USER_GROUP]) VALUES (72, N'Carburant', 15,0,1)
INSERT [ref].[OPERATION_TYPE] ([ID], [LABEL], [ID_OPERATION_TYPE_FAMILY],[IS_MANDATORY],[ID_USER_GROUP]) VALUES (73, N'Logement/hotel', 15,0,1)
INSERT [ref].[OPERATION_TYPE] ([ID], [LABEL], [ID_OPERATION_TYPE_FAMILY],[IS_MANDATORY],[ID_USER_GROUP]) VALUES (74, N'Peage', 15,0,1)
INSERT [ref].[OPERATION_TYPE] ([ID], [LABEL], [ID_OPERATION_TYPE_FAMILY],[IS_MANDATORY],[ID_USER_GROUP]) VALUES (75, N'Train/avion', 15,0,1)
INSERT [ref].[OPERATION_TYPE] ([ID], [LABEL], [ID_OPERATION_TYPE_FAMILY],[IS_MANDATORY],[ID_USER_GROUP]) VALUES (76, N'Accessoires', 16,0,1)
INSERT [ref].[OPERATION_TYPE] ([ID], [LABEL], [ID_OPERATION_TYPE_FAMILY],[IS_MANDATORY],[ID_USER_GROUP]) VALUES (77, N'Chaussures', 16,0,1)
INSERT [ref].[OPERATION_TYPE] ([ID], [LABEL], [ID_OPERATION_TYPE_FAMILY],[IS_MANDATORY],[ID_USER_GROUP]) VALUES (78, N'Vetements', 16,0,1)
INSERT [ref].[OPERATION_TYPE] ([ID], [LABEL], [ID_OPERATION_TYPE_FAMILY],[IS_MANDATORY],[ID_USER_GROUP]) VALUES (79, N'Autres Impots', 17,0,1)
INSERT [ref].[OPERATION_TYPE] ([ID], [LABEL], [ID_OPERATION_TYPE_FAMILY],[IS_MANDATORY],[ID_USER_GROUP]) VALUES (80, N'Cotisation Securité sociale', 17,0,1)
INSERT [ref].[OPERATION_TYPE] ([ID], [LABEL], [ID_OPERATION_TYPE_FAMILY],[IS_MANDATORY],[ID_USER_GROUP]) VALUES (81, N'Impots locaux', 17,0,1)
INSERT [ref].[OPERATION_TYPE] ([ID], [LABEL], [ID_OPERATION_TYPE_FAMILY],[IS_MANDATORY],[ID_USER_GROUP]) VALUES (82, N'Impot sur le revenu', 17,0,1)
INSERT [ref].[OPERATION_TYPE] ([ID], [LABEL], [ID_OPERATION_TYPE_FAMILY],[IS_MANDATORY],[ID_USER_GROUP]) VALUES (83, N'Activité sportive', 18,0,1)
INSERT [ref].[OPERATION_TYPE] ([ID], [LABEL], [ID_OPERATION_TYPE_FAMILY],[IS_MANDATORY],[ID_USER_GROUP]) VALUES (84, N'Article de sport', 18,0,1)
INSERT [ref].[OPERATION_TYPE] ([ID], [LABEL], [ID_OPERATION_TYPE_FAMILY],[IS_MANDATORY],[ID_USER_GROUP]) VALUES (85, N'CD/DVD/Livre', 18,0,1)
INSERT [ref].[OPERATION_TYPE] ([ID], [LABEL], [ID_OPERATION_TYPE_FAMILY],[IS_MANDATORY],[ID_USER_GROUP]) VALUES (86, N'Cinema/spectacle', 18,0,1)
INSERT [ref].[OPERATION_TYPE] ([ID], [LABEL], [ID_OPERATION_TYPE_FAMILY],[IS_MANDATORY],[ID_USER_GROUP]) VALUES (87, N'Jeux', 18,0,1)
INSERT [ref].[OPERATION_TYPE] ([ID], [LABEL], [ID_OPERATION_TYPE_FAMILY],[IS_MANDATORY],[ID_USER_GROUP]) VALUES (88, N'Journaux', 18,0,1)
INSERT [ref].[OPERATION_TYPE] ([ID], [LABEL], [ID_OPERATION_TYPE_FAMILY],[IS_MANDATORY],[ID_USER_GROUP]) VALUES (89, N'Manifestation sportive', 18,0,1)
INSERT [ref].[OPERATION_TYPE] ([ID], [LABEL], [ID_OPERATION_TYPE_FAMILY],[IS_MANDATORY],[ID_USER_GROUP]) VALUES (90, N'Musee/Expositions', 18,0,1)
INSERT [ref].[OPERATION_TYPE] ([ID], [LABEL], [ID_OPERATION_TYPE_FAMILY],[IS_MANDATORY],[ID_USER_GROUP]) VALUES (91, N'Paris sportifs/Poker', 18,0,1)
INSERT [ref].[OPERATION_TYPE] ([ID], [LABEL], [ID_OPERATION_TYPE_FAMILY],[IS_MANDATORY],[ID_USER_GROUP]) VALUES (92, N'Complémentaire santé', 19,0,1)
INSERT [ref].[OPERATION_TYPE] ([ID], [LABEL], [ID_OPERATION_TYPE_FAMILY],[IS_MANDATORY],[ID_USER_GROUP]) VALUES (93, N'Dentiste', 19,0,1)
INSERT [ref].[OPERATION_TYPE] ([ID], [LABEL], [ID_OPERATION_TYPE_FAMILY],[IS_MANDATORY],[ID_USER_GROUP]) VALUES (94, N'Hopital', 19,0,1)
INSERT [ref].[OPERATION_TYPE] ([ID], [LABEL], [ID_OPERATION_TYPE_FAMILY],[IS_MANDATORY],[ID_USER_GROUP]) VALUES (95, N'Kinesitherapeute', 19,0,1)
INSERT [ref].[OPERATION_TYPE] ([ID], [LABEL], [ID_OPERATION_TYPE_FAMILY],[IS_MANDATORY],[ID_USER_GROUP]) VALUES (96, N'Medecin', 19,0,1)
INSERT [ref].[OPERATION_TYPE] ([ID], [LABEL], [ID_OPERATION_TYPE_FAMILY],[IS_MANDATORY],[ID_USER_GROUP]) VALUES (97, N'Pharmacie', 19,0,1)
INSERT [ref].[OPERATION_TYPE] ([ID], [LABEL], [ID_OPERATION_TYPE_FAMILY],[IS_MANDATORY],[ID_USER_GROUP]) VALUES (98, N'Coiffeur', 20,0,1)
INSERT [ref].[OPERATION_TYPE] ([ID], [LABEL], [ID_OPERATION_TYPE_FAMILY],[IS_MANDATORY],[ID_USER_GROUP]) VALUES (99, N'Estheticienne', 20,0,1)
INSERT [ref].[OPERATION_TYPE] ([ID], [LABEL], [ID_OPERATION_TYPE_FAMILY],[IS_MANDATORY],[ID_USER_GROUP]) VALUES (100, N'Thalasso/Remise en forme', 20,0,1)
INSERT [ref].[OPERATION_TYPE] ([ID], [LABEL], [ID_OPERATION_TYPE_FAMILY],[IS_MANDATORY],[ID_USER_GROUP]) VALUES (101, N'Avion', 21,0,1)
GO
INSERT [ref].[OPERATION_TYPE] ([ID], [LABEL], [ID_OPERATION_TYPE_FAMILY],[IS_MANDATORY],[ID_USER_GROUP]) VALUES (102, N'Navigo', 7,0,1)
INSERT [ref].[OPERATION_TYPE] ([ID], [LABEL], [ID_OPERATION_TYPE_FAMILY],[IS_MANDATORY],[ID_USER_GROUP]) VALUES (103, N'Taxis', 21,0,1)
INSERT [ref].[OPERATION_TYPE] ([ID], [LABEL], [ID_OPERATION_TYPE_FAMILY],[IS_MANDATORY],[ID_USER_GROUP]) VALUES (104, N'Alimentation/restaurant', 22,0,1)
INSERT [ref].[OPERATION_TYPE] ([ID], [LABEL], [ID_OPERATION_TYPE_FAMILY],[IS_MANDATORY],[ID_USER_GROUP]) VALUES (105, N'Assurance voyage', 22,0,1)
INSERT [ref].[OPERATION_TYPE] ([ID], [LABEL], [ID_OPERATION_TYPE_FAMILY],[IS_MANDATORY],[ID_USER_GROUP]) VALUES (106, N'Divers', 22,0,1)
INSERT [ref].[OPERATION_TYPE] ([ID], [LABEL], [ID_OPERATION_TYPE_FAMILY],[IS_MANDATORY],[ID_USER_GROUP]) VALUES (107, N'Excursion/visite', 22,0,1)
INSERT [ref].[OPERATION_TYPE] ([ID], [LABEL], [ID_OPERATION_TYPE_FAMILY],[IS_MANDATORY],[ID_USER_GROUP]) VALUES (108, N'Location de voiture', 22,0,1)
INSERT [ref].[OPERATION_TYPE] ([ID], [LABEL], [ID_OPERATION_TYPE_FAMILY],[IS_MANDATORY],[ID_USER_GROUP]) VALUES (109, N'Logement/hotel', 22,0,1)
INSERT [ref].[OPERATION_TYPE] ([ID], [LABEL], [ID_OPERATION_TYPE_FAMILY],[IS_MANDATORY],[ID_USER_GROUP]) VALUES (110, N'Retrait d argent', 22,0,1)
INSERT [ref].[OPERATION_TYPE] ([ID], [LABEL], [ID_OPERATION_TYPE_FAMILY],[IS_MANDATORY],[ID_USER_GROUP]) VALUES (111, N'Sejour', 22,0,1)
INSERT [ref].[OPERATION_TYPE] ([ID], [LABEL], [ID_OPERATION_TYPE_FAMILY],[IS_MANDATORY],[ID_USER_GROUP]) VALUES (135, N'Formation', 15,0,1)
INSERT [ref].[OPERATION_TYPE] ([ID], [LABEL], [ID_OPERATION_TYPE_FAMILY],[IS_MANDATORY],[ID_USER_GROUP]) VALUES (136, N'Restaurant', 15,0,1)
INSERT [ref].[OPERATION_TYPE] ([ID], [LABEL], [ID_OPERATION_TYPE_FAMILY],[IS_MANDATORY],[ID_USER_GROUP]) VALUES (137, N'Restaurant', 18,0,1)
INSERT [ref].[OPERATION_TYPE] ([ID], [LABEL], [ID_OPERATION_TYPE_FAMILY],[IS_MANDATORY],[ID_USER_GROUP]) VALUES (138, N'Cadeaux', 23,0,1)
INSERT [ref].[OPERATION_TYPE] ([ID], [LABEL], [ID_OPERATION_TYPE_FAMILY],[IS_MANDATORY],[ID_USER_GROUP]) VALUES (139, N'Dons', 23,0,1)
INSERT [ref].[OPERATION_TYPE] ([ID], [LABEL], [ID_OPERATION_TYPE_FAMILY],[IS_MANDATORY],[ID_USER_GROUP]) VALUES (140, N'ECigarette', 24,0,1)
INSERT [ref].[OPERATION_TYPE] ([ID], [LABEL], [ID_OPERATION_TYPE_FAMILY],[IS_MANDATORY],[ID_USER_GROUP]) VALUES (141, N'Boulangerie', 8,0,1)
INSERT [ref].[OPERATION_TYPE] ([ID], [LABEL], [ID_OPERATION_TYPE_FAMILY],[IS_MANDATORY],[ID_USER_GROUP]) VALUES (142, N'Frais virement', 14,0,1)
INSERT [ref].[OPERATION_TYPE] ([ID], [LABEL], [ID_OPERATION_TYPE_FAMILY],[IS_MANDATORY],[ID_USER_GROUP]) VALUES (145, N'Remboursement prêt', 25,0,1)
INSERT [ref].[OPERATION_TYPE] ([ID], [LABEL], [ID_OPERATION_TYPE_FAMILY],[IS_MANDATORY],[ID_USER_GROUP]) VALUES (146, N'Assurance prêt', 25,0,1)
INSERT [ref].[OPERATION_TYPE] ([ID], [LABEL], [ID_OPERATION_TYPE_FAMILY],[IS_MANDATORY],[ID_USER_GROUP]) VALUES (147, N'Charges copropriété', 25,0,1)
INSERT [ref].[OPERATION_TYPE] ([ID], [LABEL], [ID_OPERATION_TYPE_FAMILY],[IS_MANDATORY],[ID_USER_GROUP]) VALUES (148, N'Train', 21,0,1)
SET IDENTITY_INSERT [ref].[OPERATION_TYPE] OFF

---------------------------------------------------------------------------
--[ref].[OPERATION]					
---------------------------------------------------------------------------
SET IDENTITY_INSERT [ref].[OPERATION] ON 
INSERT [ref].[OPERATION] ([ID], [LABEL], [REFERENCE], [ID_OPERATION_METHOD], [ID_OPERATION_TYPE],[IS_MANDATORY],[ID_USER_GROUP]) VALUES (1, N'INCONNU', NULL, 1, 1, 1, 1)
INSERT [ref].[OPERATION] ([ID], [LABEL], [REFERENCE], [ID_OPERATION_METHOD], [ID_OPERATION_TYPE],[IS_MANDATORY],[ID_USER_GROUP]) VALUES (2, N'REMISE CHEQUE', NULL, 5, 8, 1, 1)

SET IDENTITY_INSERT [ref].[OPERATION] OFF

---------------------------------------------------------------------------
--[ref].[OPERATION_DETAIL]			
---------------------------------------------------------------------------
SET IDENTITY_INSERT [ref].[OPERATION_DETAIL] ON 
INSERT [ref].[OPERATION_DETAIL] ([ID], [ID_OPERATION], [KEYWORD_OPERATION], [KEYWORD_PLACE], [ID_GMAP_ADDRESS], [IS_MANDATORY],[ID_USER_GROUP]) VALUES (1, 1, N'--FAKE_KEYWORD--', N'--FAKE_KEYWORD--', 1,1,1)
INSERT [ref].[OPERATION_DETAIL] ([ID], [ID_OPERATION], [KEYWORD_OPERATION], [KEYWORD_PLACE], [ID_GMAP_ADDRESS], [IS_MANDATORY],[ID_USER_GROUP]) VALUES (2, 1, N'--FAKE_KEYWORD_NA--', N'--FAKE_KEYWORD_NA--', 1,1,1)
SET IDENTITY_INSERT [ref].[OPERATION_DETAIL] OFF

---------------------------------------------------------------------------
--[user].[user]						
---------------------------------------------------------------------------
SET IDENTITY_INSERT [user].[USER] ON 
INSERT [user].[USER] ([ID], [USER_NAME], [LAST_NAME], [FIRST_NAME], [PASSWORD_HASH], [PASSWORD_SALT], [GENDER], [BIRTH_DATE], [CREATION_DATE], [LAST_ACTIVE_DATE], [ID_GMAP_ADDRESS], [AVATAR_URL], [ID_AVATAR_CLOUD], [ID_USER_GROUP]) VALUES (1, N'invité', N'Doe', N'John', NULL, NULL, NULL, CAST(N'1977-02-16T00:00:00.0000000' AS DateTime2), CAST(N'2017-01-01T00:00:00.0000000' AS DateTime2), CAST(N'2018-01-01T00:00:00.0000000' AS DateTime2), 1, NULL, NULL,2)
INSERT [user].[USER] ([ID], [USER_NAME], [LAST_NAME], [FIRST_NAME], [PASSWORD_HASH], [PASSWORD_SALT], [GENDER], [BIRTH_DATE], [CREATION_DATE], [LAST_ACTIVE_DATE], [ID_GMAP_ADDRESS], [AVATAR_URL], [ID_AVATAR_CLOUD], [ID_USER_GROUP]) VALUES (2, N'nico', N'BRILLOUET', N'Nicolas', 0x73A4AF25D35C737E858FB65B47CAD9E0BD3E35855267BA03D65D5148E2F5F0590E417275726542A55BC120522C23899C19689183B554ED27629A5EA007163B20, 0xE3AD2E2D9F7F87B7A3F2B5F7D1F623A6C49B9C0008ACE9ACFA522A3048C55079377A10E3C9323005F8EE408E3EAE00635707F8B44697772FADFC661F03CBCAD22A8F611190A69357B895DC69090559190B5007499A4C3869846D79A1BFD595D9CBBFC57D47405D371EFE810FC9A640BDF846BD0FF83370A8E2A2A594761055F2, NULL, CAST(N'1977-02-16T00:00:00.0000000' AS DateTime2), CAST(N'0001-01-01T00:00:00.0000000' AS DateTime2), CAST(N'2018-09-20T14:24:06.8456588' AS DateTime2), 1, N'http://res.cloudinary.com/killmeagain77/image/upload/v1537279115/ikt0qpl3oilw145xmq0z.png', N'ikt0qpl3oilw145xmq0z',3)
INSERT [user].[USER] ([ID], [USER_NAME], [LAST_NAME], [FIRST_NAME], [PASSWORD_HASH], [PASSWORD_SALT], [GENDER], [BIRTH_DATE], [CREATION_DATE], [LAST_ACTIVE_DATE], [ID_GMAP_ADDRESS], [AVATAR_URL], [ID_AVATAR_CLOUD], [ID_USER_GROUP]) VALUES (3, NULL, N'CHEROY', N'Sandra', NULL, NULL, NULL, CAST(N'1982-01-25T00:00:00.0000000' AS DateTime2), CAST(N'2017-01-01T00:00:00.0000000' AS DateTime2), CAST(N'2018-01-01T00:00:00.0000000' AS DateTime2), 1, NULL, NULL,3)
SET IDENTITY_INSERT [user].[USER] OFF

---------------------------------------------------------------------------
--[user].[USER_ACCOUNT]				(a reparamétrer pour invité et nico)
---------------------------------------------------------------------------
SET IDENTITY_INSERT [user].[USER_ACCOUNT] ON 
INSERT [user].[USER_ACCOUNT] ([ID], [ID_USER], [ID_ACCOUNT]) VALUES (1, 2, 2)
INSERT [user].[USER_ACCOUNT] ([ID], [ID_USER], [ID_ACCOUNT]) VALUES (2, 2, 3)
INSERT [user].[USER_ACCOUNT] ([ID], [ID_USER], [ID_ACCOUNT]) VALUES (3, 2, 4)
INSERT [user].[USER_ACCOUNT] ([ID], [ID_USER], [ID_ACCOUNT]) VALUES (4, 2, 5)
INSERT [user].[USER_ACCOUNT] ([ID], [ID_USER], [ID_ACCOUNT]) VALUES (5, 3, 4)
SET IDENTITY_INSERT [user].[USER_ACCOUNT] OFF


---------------------------------------------------------------------------
--[gen].[PARAMETER]
---------------------------------------------------------------------------
SET IDENTITY_INSERT [gen].[PARAMETER] ON 
INSERT [gen].[PARAMETER] ([ID], [IMPORT_FILE_DIR], [ID_USER]) VALUES (1, N'C:\Projects\Angular\File_Save\', 2)
SET IDENTITY_INSERT [gen].[PARAMETER] OFF





